"id","label","language","script","scientist","scientist_year"
65000001,"LIE LUGUAEDON MACCI MENUEH","goide","ogham","Thiery, F. & Schmidt S.C.","2020/2021"
65000002,"L[E]GG SD[...]LEŋESCAD MAQ CORRBRI MAQ AMMLLOŋITT","goide","ogham","Thiery, F. & Schmidt S.C.","2020/2021"
65000003,"AB ULCCAGNI","goide","ogham","Thiery, F. & Schmidt S.C.","2020/2021"
65000004,"MAQI-ESEA MAQI DOMANEQI","goide","ogham","Thiery, F. & Schmidt S.C.","2020/2021"
65000005,"DILOGONN","goide","ogham","Thiery, F. & Schmidt S.C.","2020/2021"
65000006,"CARRTTACC GAQI MU CAGG[I]","goide","ogham","Thiery, F. & Schmidt S.C.","2020/2021"
65000007,"ANM CORRE MAQVI UDD[GLO]METT","goide","ogham","Thiery, F. & Schmidt S.C.","2020/2021"
65000008,"ANM NETACUNAS CELI VIDETTAS","goide","ogham","Thiery, F. & Schmidt S.C.","2020/2021"
65000009,"[COLAB]OT MAQI MAQI-RITE [MAQI MU]COI CORIBIRI","goide","ogham","Thiery, F. & Schmidt S.C.","2020/2021"
65000010,"CUNAGUSSOS MA[...","goide","ogham","Thiery, F. & Schmidt S.C.","2020/2021"
65000011,"LUGUDUC MAQI MAQI-OC [...","goide","ogham","Thiery, F. & Schmidt S.C.","2020/2021"
65000012,"UDDMENSA CELI NETTASLOGI","goide","ogham","Thiery, F. & Schmidt S.C.","2020/2021"
65000013,"CUNOVATO","goide","ogham","Thiery, F. & Schmidt S.C.","2020/2021"
65000014,"B..Q.....HAGA......DL","goide","ogham","Thiery, F. & Schmidt S.C.","2020/2021"
65000015,"LUDUDECA MAQU SI[TT?]ALI MUCOI M...","goide","ogham","Thiery, F. & Schmidt S.C.","2020/2021"
65000016,"MICANAVVI MAQ LUGUNI","goide","ogham","Thiery, F. & Schmidt S.C.","2020/2021"
65000017,"VEQIKAMI MAQI LUGUNI","goide","ogham","Thiery, F. & Schmidt S.C.","2020/2021"
65000018,"GRIMIGGN[I MAQ]I CERC...","goide","ogham","Thiery, F. & Schmidt S.C.","2020/2021"
65000019,"CULRIGAI MAQI MENUMAQ[I]","goide","ogham","Thiery, F. & Schmidt S.C.","2020/2021"
65000020,"BRANI MAQQI MUCC[OI......]R[A]L[...","goide","ogham","Thiery, F. & Schmidt S.C.","2020/2021"
65000021,"COLLOS","goide","ogham","Thiery, F. & Schmidt S.C.","2020/2021"
65000022,"VEQREQ MUCOI GLUNLEGGET TENREN MONOI GDUQDEGGEV","goide","ogham","Thiery, F. & Schmidt S.C.","2020/2021"
65000023,"DALAGNI MAQI DALI","goide","ogham","Thiery, F. & Schmidt S.C.","2020/2021"
65000024,"VRAICCI MAQI MEDVVI","goide","ogham","Thiery, F. & Schmidt S.C.","2020/2021"
65000025,"BROINIENAS KOI NETA TTRENALUGOS.","goide","ogham","Thiery, F. & Schmidt S.C.","2020/2021"
65000026,"VERGOSO MACI LLOMINACCA.","goide","ogham","Thiery, F. & Schmidt S.C.","2020/2021"
65000027,"MADORA MAQI DEGO","goide","ogham","Thiery, F. & Schmidt S.C.","2020/2021"
65000028,"MAQI-BRI.....CELI ALACA...","goide","ogham","Thiery, F. & Schmidt S.C.","2020/2021"
65000029,"ANAVLAMATTIAS MUCCOI [..]OELURI AVI AKERAS","goide","ogham","Thiery, F. & Schmidt S.C.","2020/2021"
65000030,"MAQI-ERCIAS MAQI VALAMNI","goide","ogham","Thiery, F. & Schmidt S.C.","2020/2021"
65000031,"VEDACUNA [MAQI] TOBIRA MUCOI SOGINI","goide","ogham","Thiery, F. & Schmidt S.C.","2020/2021"
65000032,"MAQILASPOG B TTMACDE","goide","ogham","Thiery, F. & Schmidt S.C.","2020/2021"
65000033,"DOVETI MAQI LOCARENAS CELI MAQI-CULIDOVI","goide","ogham","Thiery, F. & Schmidt S.C.","2020/2021"
65000034,"VEQOANAI MAQI EQOD[..","goide","ogham","Thiery, F. & Schmidt S.C.","2020/2021"
65000035,"QREGAS MU[...","goide","ogham","Thiery, F. & Schmidt S.C.","2020/2021"
65000036,"SECIDARI","goide","ogham","Thiery, F. & Schmidt S.C.","2020/2021"
65000037,"LITUBIRI MAQI QECIA","goide","ogham","Thiery, F. & Schmidt S.C.","2020/2021"
65000038,"LACAVAGNI","goide","ogham","Thiery, F. & Schmidt S.C.","2020/2021"
65000039,"VAITEVIA","goide","ogham","Thiery, F. & Schmidt S.C.","2020/2021"
65000040,"ASSICONA","goide","ogham","Thiery, F. & Schmidt S.C.","2020/2021"
65000041,"MINNACCANNI MAQI AILLUATTAN","goide","ogham","Thiery, F. & Schmidt S.C.","2020/2021"
65000042,"CT[A]N ... QLOG","goide","ogham","Thiery, F. & Schmidt S.C.","2020/2021"
65000043,"ANM VEDLLOIGGOI MACI SEDDOINI","goide","ogham","Thiery, F. & Schmidt S.C.","2020/2021"
65000044,"LADDIGNI MAQQI MUCCOI AN...","goide","ogham","Thiery, F. & Schmidt S.C.","2020/2021"
65000045,"LAIDANN MAQI MACORBO","goide","ogham","Thiery, F. & Schmidt S.C.","2020/2021"
65000047,"LUGUVVECCA MAQI[...","goide","ogham","Thiery, F. & Schmidt S.C.","2020/2021"
65000048,"MAQI MQ[I-...O]GGODIKA.","goide","ogham","Thiery, F. & Schmidt S.C.","2020/2021"
65000049,"...] CELI AVI VU[..","goide","ogham","Thiery, F. & Schmidt S.C.","2020/2021"
65000050,"TAQMAQO","goide","ogham","Thiery, F. & Schmidt S.C.","2020/2021"
65000051,"DITAV","goide","ogham","Thiery, F. & Schmidt S.C.","2020/2021"
65000052,"QRIMITIR RON[A]NN MAQ COMOGANN","goide","ogham","Thiery, F. & Schmidt S.C.","2020/2021"
65000053,"LUGUQRIT MA[QI] QRITT[I]","goide","ogham","Thiery, F. & Schmidt S.C.","2020/2021"
65000054,"MOINENA MAQI OLACON","goide","ogham","Thiery, F. & Schmidt S.C.","2020/2021"
65000055,"DUBONIRRAS MAQQI TENAC[I]","goide","ogham","Thiery, F. & Schmidt S.C.","2020/2021"
65000056,"MQQI-QETTI MAQQI CUNITTI","goide","ogham","Thiery, F. & Schmidt S.C.","2020/2021"
65000057,"RENI","goide","ogham","Thiery, F. & Schmidt S.C.","2020/2021"
65000058,"GRAVICAS MAQI MUCOI DOVVINIAS","goide","ogham","Thiery, F. & Schmidt S.C.","2020/2021"
65000059,"BROINIOAS","goide","ogham","Thiery, F. & Schmidt S.C.","2020/2021"
65000060,"LUBBAIS MAQQI DUN....S","goide","ogham","Thiery, F. & Schmidt S.C.","2020/2021"
65000061,"CCUCAMINI MAQQI CATTINI","goide","ogham","Thiery, F. & Schmidt S.C.","2020/2021"
65000062,"CUNAMAQQI CORBBI MAQQ[I MUCCOI DOVVINIA]S","goide","ogham","Thiery, F. & Schmidt S.C.","2020/2021"
65000063,"AKEVRITTI","goide","ogham","Thiery, F. & Schmidt S.C.","2020/2021"
65000064,"MAQQI-IARI KOI MAQQI MUCCOI DOVVINIAS","goide","ogham","Thiery, F. & Schmidt S.C.","2020/2021"
65000065,"DOVETI MAQQi CATTINI","goide","ogham","Thiery, F. & Schmidt S.C.","2020/2021"
65000066,"SUVALLOS MAQQI DUCOVAROS","goide","ogham","Thiery, F. & Schmidt S.C.","2020/2021"
65000067,"MAQI - DECCEDA MAQI GLASICONAS","goide","ogham","Thiery, F. & Schmidt S.C.","2020/2021"
65000068,"DUNAIDONAS MAQI MARIANI","goide","ogham","Thiery, F. & Schmidt S.C.","2020/2021"
65000069,"TRIA MAQA MAILAGNI CURCITTI","goide","ogham","Thiery, F. & Schmidt S.C.","2020/2021"
65000070,"INISSIONAS","goide","ogham","Thiery, F. & Schmidt S.C.","2020/2021"
65000071,"CUNAMAQQI AVI CORBBI","goide","ogham","Thiery, F. & Schmidt S.C.","2020/2021"
65000072,"NETTA-LAMINACCA KOI MAQQI MUCOI DOVIN[IA]S","goide","ogham","Thiery, F. & Schmidt S.C.","2020/2021"
65000073,"VOENACUNAS M....","goide","ogham","Thiery, F. & Schmidt S.C.","2020/2021"
65000074,"[D]DROGNO","goide","ogham","Thiery, F. & Schmidt S.C.","2020/2021"
65000075,"COIMAGNI MAQI VITALIN","goide","ogham","Thiery, F. & Schmidt S.C.","2020/2021"
65000076,".. [MAQ]I DROGNO MU[COI] ...","goide","ogham","Thiery, F. & Schmidt S.C.","2020/2021"
65000077,"IRCCITOS","goide","ogham","Thiery, F. & Schmidt S.C.","2020/2021"
65000078,"MAQI - LIAG MAQI ERCA","goide","ogham","Thiery, F. & Schmidt S.C.","2020/2021"
65000079,"MUCOI MUCC[I","goide","ogham","Thiery, F. & Schmidt S.C.","2020/2021"
65000080,"QENILOCI MAQI MAQI - AINIA MUC[---","goide","ogham","Thiery, F. & Schmidt S.C.","2020/2021"
65000081,"DUGENNGG[I] MAQI RODDOS","goide","ogham","Thiery, F. & Schmidt S.C.","2020/2021"
65000082,"TOGITTACC MAQI SAGARETTOS","goide","ogham","Thiery, F. & Schmidt S.C.","2020/2021"
65000083,"[MAQ]QI MUCC[OI]","goide","ogham","Thiery, F. & Schmidt S.C.","2020/2021"
65000085,"MAQQI-ERCCIAS MAQQI MUCOI DOVINIA","goide","ogham","Thiery, F. & Schmidt S.C.","2020/2021"
65000086,"CONUNETT MOQI CONURI.","goide","ogham","Thiery, F. & Schmidt S.C.","2020/2021"
65000087,"CCILARI AV[I].....COI VAG....","goide","ogham","Thiery, F. & Schmidt S.C.","2020/2021"
65000088,"ERC MAQI MAQI-ERCIAS MU DOVINIA","goide","ogham","Thiery, F. & Schmidt S.C.","2020/2021"
65000089,"......ETORIGAS","goide","ogham","Thiery, F. & Schmidt S.C.","2020/2021"
65000090,"S   B           N                   GL T  DM...","goide","ogham","Thiery, F. & Schmidt S.C.","2020/2021"
65000091,"BRUSCCOS MAQQI CALIACI[AS] M[AQQI MUCOI...","goide","ogham","Thiery, F. & Schmidt S.C.","2020/2021"
65000092,"TALAGNI MAQ....","goide","ogham","Thiery, F. & Schmidt S.C.","2020/2021"
65000093,"GANICCA","goide","ogham","Thiery, F. & Schmidt S.C.","2020/2021"
65000095,"MAQQI-DECEDDA MAQQI CATUVIQ[QA]","goide","ogham","Thiery, F. & Schmidt S.C.","2020/2021"
65000096,"[CO?]BB[A?] AVI VLATIAMI MAQ...","goide","ogham","Thiery, F. & Schmidt S.C.","2020/2021"
65000097,"EQODDI SCI FINTEN","goide","ogham","Thiery, F. & Schmidt S.C.","2020/2021"
65000098,"ANM MAILE-INBIR MACI BROCANN","goide","ogham","Thiery, F. & Schmidt S.C.","2020/2021"
65000099,"MARIANI","goide","ogham","Thiery, F. & Schmidt S.C.","2020/2021"
65000100,"SAŊTI LLOTETI AVI SRUSA.","goide","ogham","Thiery, F. & Schmidt S.C.","2020/2021"
65000101,"OVANOS AVI IVACATTOS","goide","ogham","Thiery, F. & Schmidt S.C.","2020/2021"
65000102,"GOSSUCTTIAS","goide","ogham","Thiery, F. & Schmidt S.C.","2020/2021"
65000103,"GAMICUNAS","goide","ogham","Thiery, F. & Schmidt S.C.","2020/2021"
65000104,"QENILOCGNI MAQI D...","goide","ogham","Thiery, F. & Schmidt S.C.","2020/2021"
65000105,"ANM COLMAN AILITHIR","goide","ogham","Thiery, F. & Schmidt S.C.","2020/2021"
65000106,"SIDANI MAQI DALO","goide","ogham","Thiery, F. & Schmidt S.C.","2020/2021"
65000107,"LLONNOCC MAQQ[...","goide","ogham","Thiery, F. & Schmidt S.C.","2020/2021"
65000108,"CURCI MAQI MUCOI V[...","goide","ogham","Thiery, F. & Schmidt S.C.","2020/2021"
65000109,"ERCAVICCAS MAQI CO[...","goide","ogham","Thiery, F. & Schmidt S.C.","2020/2021"
65000110,"DEGOS MAQI MOCOI TOICAKI","goide","ogham","Thiery, F. & Schmidt S.C.","2020/2021"
65000111,"MAQI-RITEAS MAQI MAQI-DDUMILEAS MUCOI TOICACI","goide","ogham","Thiery, F. & Schmidt S.C.","2020/2021"
65000112,"CUNACENA","goide","ogham","Thiery, F. & Schmidt S.C.","2020/2021"
65000113,"QENUVEN...","goide","ogham","Thiery, F. & Schmidt S.C.","2020/2021"
65000114,"MAQI-DDECCEDA MAQI MARIN","goide","ogham","Thiery, F. & Schmidt S.C.","2020/2021"
65000115,"MAQI-TTAL MAQI VORGOS MAQI MUCOI TOICAC","goide","ogham","Thiery, F. & Schmidt S.C.","2020/2021"
65000116,"MC[ ]GE [ ]M [..] Q[ ] ..[ ]D [ ]E","goide","ogham","Thiery, F. & Schmidt S.C.","2020/2021"
65000117,"NIOTTVRECC MAQI [....]GNI","goide","ogham","Thiery, F. & Schmidt S.C.","2020/2021"
65000118,"MAQI-DECEDA MAQ̣[...","goide","ogham","Thiery, F. & Schmidt S.C.","2020/2021"
65000119,"ANM MAGANN MAQI NUADAT","goide","ogham","Thiery, F. & Schmidt S.C.","2020/2021"
65000120,"S[M]....BNAG MA[Q?]QI ERCIA","goide","ogham","Thiery, F. & Schmidt S.C.","2020/2021"
65000121,"ANM VIRR[...]ANNI TIGIRN CEDATTOQA MAQI VEDELMET[T]","goide","ogham","Thiery, F. & Schmidt S.C.","2020/2021"
65000122,"....]ECC MAQI L[UGUQ]RRIT","goide","ogham","Thiery, F. & Schmidt S.C.","2020/2021"
65000123,"UMALL","goide","ogham","Thiery, F. & Schmidt S.C.","2020/2021"
65000124,"...]GGO MAQI AGILL[....","goide","ogham","Thiery, F. & Schmidt S.C.","2020/2021"
65000125,".....]MAQQI COLLABOTA","goide","ogham","Thiery, F. & Schmidt S.C.","2020/2021"
65000126,"DUBE[B?]","goide","ogham","Thiery, F. & Schmidt S.C.","2020/2021"
65000127,"RITTUVVECC MAQI VEDDONOS","goide","ogham","Thiery, F. & Schmidt S.C.","2020/2021"
65000129,"URG","goide","ogham","Thiery, F. & Schmidt S.C.","2020/2021"
65000130,"ANNVENI TEGG[....","goide","ogham","Thiery, F. & Schmidt S.C.","2020/2021"
65000131,"ALATTO CELI BATTIGNI","goide","ogham","Thiery, F. & Schmidt S.C.","2020/2021"
65000132,"GOSOCTEAS MOSAC MAKINI","goide","ogham","Thiery, F. & Schmidt S.C.","2020/2021"
65000133,"NOCATI MAQI MAQI-REC [....] MAQI MUCOI UDDAMI","goide","ogham","Thiery, F. & Schmidt S.C.","2020/2021"
65000134,"L[A]G[O]BB[... MUCO - TUCACAC","goide","ogham","Thiery, F. & Schmidt S.C.","2020/2021"
65000136,"ANM CRUNAN MAQ LUQIN","goide","ogham","Thiery, F. & Schmidt S.C.","2020/2021"
65000137,"...EGNI KOI MAQI MUC[OI] A[L]I[NI]","goide","ogham","Thiery, F. & Schmidt S.C.","2020/2021"
65000138,"ANM LLATIGNI MAQ M[I]N[E]RC M[UCOI] Q[...]CI","goide","ogham","Thiery, F. & Schmidt S.C.","2020/2021"
65000139,"CATVVIRR MAQI LUGUVVEC","goide","ogham","Thiery, F. & Schmidt S.C.","2020/2021"
65000140,".....]NEGGNI","goide","ogham","Thiery, F. & Schmidt S.C.","2020/2021"
65000141,"ANM VINNAGITLET...","goide","ogham","Thiery, F. & Schmidt S.C.","2020/2021"
65000142,"MOŊUNILOCID MAQI ALOTTO","goide","ogham","Thiery, F. & Schmidt S.C.","2020/2021"
65000143,"NOARRA MAQI VORUDRAN","goide","ogham","Thiery, F. & Schmidt S.C.","2020/2021"
65000144,"ORIBRASSIA","goide","ogham","Thiery, F. & Schmidt S.C.","2020/2021"
65000145,"OTTINN MAQI VECR[EC]","goide","ogham","Thiery, F. & Schmidt S.C.","2020/2021"
65000146,"MAQI BROCI","goide","ogham","Thiery, F. & Schmidt S.C.","2020/2021"
65000147,"ANM CALUMANN MAQ[...","goide","ogham","Thiery, F. & Schmidt S.C.","2020/2021"
65000148,"AV*S*S*MAQV*S","goide","ogham","Thiery, F. & Schmidt S.C.","2020/2021"
65000149,"D[...]A[.C?.] AVI DALAGNI [MAQI C...?] EQQEGGNI MAQI MAQI-CARATTINN","goide","ogham","Thiery, F. & Schmidt S.C.","2020/2021"
65000150,"LOGITTI MAQI ERPENN","goide","ogham","Thiery, F. & Schmidt S.C.","2020/2021"
65000151,"....]ERRLONNA MAQI R[U]T[E]N[I]","goide","ogham","Thiery, F. & Schmidt S.C.","2020/2021"
65000152,"TIDONN[A] MAQ DOMNGINN","goide","ogham","Thiery, F. & Schmidt S.C.","2020/2021"
65000153,"MAQI R[.....","goide","ogham","Thiery, F. & Schmidt S.C.","2020/2021"
65000154,"ANM MOLEGOMRID MACI VECUMEN","goide","ogham","Thiery, F. & Schmidt S.C.","2020/2021"
65000155,"...]OTANI M[A]QI LOSAGNI","goide","ogham","Thiery, F. & Schmidt S.C.","2020/2021"
65000157,"......]QNETN[.....","goide","ogham","Thiery, F. & Schmidt S.C.","2020/2021"
65000158,"ANM GATTEGLAN","goide","ogham","Thiery, F. & Schmidt S.C.","2020/2021"
65000159,"UR","goide","ogham","Thiery, F. & Schmidt S.C.","2020/2021"
65000160,"MOCURRUTI MAQI VLISACESUCMIR","goide","ogham","Thiery, F. & Schmidt S.C.","2020/2021"
65000161,"B[AID]AGNI MAQI ADDILONA NAGUNI MUCO BAIDANI NIR***MN[I]DAGNIESSICONIDDALA AMIT BAIDAGNI","goide","ogham","Thiery, F. & Schmidt S.C.","2020/2021"
65000162,"BRRUANANN","goide","ogham","Thiery, F. & Schmidt S.C.","2020/2021"
65000164,"MAQI-RITTE MAQI COLABOT MAQI MOCO QERAI","goide","ogham","Thiery, F. & Schmidt S.C.","2020/2021"
65000165,"COILLABBOTAS MAQI CORBBI MAQI MOCOI QERAI","goide","ogham","Thiery, F. & Schmidt S.C.","2020/2021"
65000166,"VŊGOLAM","goide","ogham","Thiery, F. & Schmidt S.C.","2020/2021"
65000167,"CORBAGNI MAQI BIVITI","goide","ogham","Thiery, F. & Schmidt S.C.","2020/2021"
65000168,"...]V MAQI[...","goide","ogham","Thiery, F. & Schmidt S.C.","2020/2021"
65000169,"[LMCBDV]","goide","ogham","Thiery, F. & Schmidt S.C.","2020/2021"
65000170,"COVTET","goide","ogham","Thiery, F. & Schmidt S.C.","2020/2021"
65000171,"...QET[IA?]S M[A?]Q TRENIL[U?...]","goide","ogham","Thiery, F. & Schmidt S.C.","2020/2021"
65000172,"UN[...]CC","goide","ogham","Thiery, F. & Schmidt S.C.","2020/2021"
65000173,"LA","goide","ogham","Thiery, F. & Schmidt S.C.","2020/2021"
65000174,"CATTUVVIRR MAQI RITUVVECAS MUCOI ALLATO","goide","ogham","Thiery, F. & Schmidt S.C.","2020/2021"
65000175,"VELITAS LUGUTTI","goide","ogham","Thiery, F. & Schmidt S.C.","2020/2021"
65000176,"DUMELI MAQI GLASICONAS NIOTTA COBRANOR[IGAS]","goide","ogham","Thiery, F. & Schmidt S.C.","2020/2021"
65000177,"GALEOTOS","goide","ogham","Thiery, F. & Schmidt S.C.","2020/2021"
65000178,"MAQI RECTA","goide","ogham","Thiery, F. & Schmidt S.C.","2020/2021"
65000179,"ANM VURUDDRANN MAQ[I] DOLIGENN CI[...]LA MAQ[Q?]I [..]BAGNI","goide","ogham","Thiery, F. & Schmidt S.C.","2020/2021"
65000180,"ANM TEGANN MAAC DEGLANN","goide","ogham","Thiery, F. & Schmidt S.C.","2020/2021"
65000181,"BASIŊB ---","goide","ogham","Thiery, F. & Schmidt S.C.","2020/2021"
65000182,"D[A]Q[U]MA MAQI RAGAVVECC","goide","ogham","Thiery, F. & Schmidt S.C.","2020/2021"
65000183,"MAILAGNI MAQI GAMATI","goide","ogham","Thiery, F. & Schmidt S.C.","2020/2021"
65000184,"IVAGENI MAQI LAISCEMITA","goide","ogham","Thiery, F. & Schmidt S.C.","2020/2021"
65000185,"NETTAVRECC [KOI?] MAQI MUCCOI TRENALUGGO","goide","ogham","Thiery, F. & Schmidt S.C.","2020/2021"
65000187,"NETACUNAS MAQI LOBAC[CONA]","goide","ogham","Thiery, F. & Schmidt S.C.","2020/2021"
65000188,"ERCAGNI MAQI ERCIAS","goide","ogham","Thiery, F. & Schmidt S.C.","2020/2021"
65000189,"LUGUDECCAS MAQI [....MU]COI NETA-SEGAMONAS DOLATI BIGA-ISGOB[...","goide","ogham","Thiery, F. & Schmidt S.C.","2020/2021"
65000190,"....] NACI MAQI [...","goide","ogham","Thiery, F. & Schmidt S.C.","2020/2021"
65000191,"AMADU","goide","ogham","Thiery, F. & Schmidt S.C.","2020/2021"
65000192,"COLLABOT MUCOI LUGA MAQI LOBACCONA","goide","ogham","Thiery, F. & Schmidt S.C.","2020/2021"
65000193,"MEDUSI MACI LU MUCOI LUGA","goide","ogham","Thiery, F. & Schmidt S.C.","2020/2021"
65000194,"CATTUVIR","goide","ogham","Thiery, F. & Schmidt S.C.","2020/2021"
65000195,"MAQI MUCOI IVODACCA.","goide","ogham","Thiery, F. & Schmidt S.C.","2020/2021"
65000196,"CNAEMSECH CELLACH MINODOR MUAD MAELMAIRE MAELUADAIG MALMAIRE","goide","ogham","Thiery, F. & Schmidt S.C.","2020/2021"
65000197,"QRIT[....] MAQ[I LO]BACONA AVI NEAGRACOLINEA","goide","ogham","Thiery, F. & Schmidt S.C.","2020/2021"
65000198,"NETAVROQI MAQI QIC[...","goide","ogham","Thiery, F. & Schmidt S.C.","2020/2021"
65000199,"MANU MAGUNO GATI MOCOI MACORBO","goide","ogham","Thiery, F. & Schmidt S.C.","2020/2021"
65000200,"CALUNOVIC[A] MAQI MUCOI LIT[ENI].","goide","ogham","Thiery, F. & Schmidt S.C.","2020/2021"
65000201,"MAQI-INI[... MAQI QE]TTEAS.","goide","ogham","Thiery, F. & Schmidt S.C.","2020/2021"
65000202,"CUNALEGEA MAQI C[....]SALAR CELI AVI QVECI","goide","ogham","Thiery, F. & Schmidt S.C.","2020/2021"
65000203,"BIGU MAQI LAG[...","goide","ogham","Thiery, F. & Schmidt S.C.","2020/2021"
65000204,"BIR MAQI MUCOI ROTTAIS","goide","ogham","Thiery, F. & Schmidt S.C.","2020/2021"
65000205,"....]MAQI NE[TACUN]AS","goide","ogham","Thiery, F. & Schmidt S.C.","2020/2021"
65000206,"DENAVEC[A MU]COI MEDALO.","goide","ogham","Thiery, F. & Schmidt S.C.","2020/2021"
65000207,"TASEGAGNI [MAQ]I MUCOI MACORBO","goide","ogham","Thiery, F. & Schmidt S.C.","2020/2021"
65000208,"BRO[INION]AS","goide","ogham","Thiery, F. & Schmidt S.C.","2020/2021"
65000209,"DEAGOS MAQI MUCO[I......]NAI","goide","ogham","Thiery, F. & Schmidt S.C.","2020/2021"
65000210,"AVI DAIMAGNI","goide","ogham","Thiery, F. & Schmidt S.C.","2020/2021"
65000211,"GOSOCTAS MUCOI MACORBO","goide","ogham","Thiery, F. & Schmidt S.C.","2020/2021"
65000212,"MELAGIA","goide","ogham","Thiery, F. & Schmidt S.C.","2020/2021"
65000213,"BIVODON MUCOI ATAR","goide","ogham","Thiery, F. & Schmidt S.C.","2020/2021"
65000214,"[CU]NAMAQI LUGUDECA MUC[OI] CUNEA","goide","ogham","Thiery, F. & Schmidt S.C.","2020/2021"
65000215,"NISIGNI MAQI ER[......]I","goide","ogham","Thiery, F. & Schmidt S.C.","2020/2021"
65000216,"DEBRANI MAQI ELTI AVI OGATOS","goide","ogham","Thiery, F. & Schmidt S.C.","2020/2021"
65000217,"...]VAGNI MUCOI CUNIA","goide","ogham","Thiery, F. & Schmidt S.C.","2020/2021"
65000218,"BRAN[I]TTAS M[A]QI DUCR[I]DDA","goide","ogham","Thiery, F. & Schmidt S.C.","2020/2021"
65000219,"MAQI E[..","goide","ogham","Thiery, F. & Schmidt S.C.","2020/2021"
65000221,"....]ER[A]T[I] M[U]C[OI] NETA-S[EGAM]ONAS","goide","ogham","Thiery, F. & Schmidt S.C.","2020/2021"
65000222,"...]RG[...]BRCEN[...","goide","ogham","Thiery, F. & Schmidt S.C.","2020/2021"
65000223,"CORB","goide","ogham","Thiery, F. & Schmidt S.C.","2020/2021"
65000224,"Q[E]CC[IAS] M[U]C[OI B]R[O]E[NIONAS]","goide","ogham","Thiery, F. & Schmidt S.C.","2020/2021"
65000225,"...]CIR MAQI MUC[...","goide","ogham","Thiery, F. & Schmidt S.C.","2020/2021"
65000226,"VORTIGURN","goide","ogham","Thiery, F. & Schmidt S.C.","2020/2021"
65000227,"VEDABAR M[A]Q[.....]LSM MOCOI ORD[....]REA.","goide","ogham","Thiery, F. & Schmidt S.C.","2020/2021"
65000228,"[MAQI?] MOŊEDIAS MAQI MUIBITI","goide","ogham","Thiery, F. & Schmidt S.C.","2020/2021"
65000229,"CUNALEGI AVI QUNACANOS","goide","ogham","Thiery, F. & Schmidt S.C.","2020/2021"
65000230,"NAVALLO AVVI GENITTAC[...","goide","ogham","Thiery, F. & Schmidt S.C.","2020/2021"
65000231,"CUNNETAS MAQI GOC[OI] NETA-SEGAMONAS","goide","ogham","Thiery, F. & Schmidt S.C.","2020/2021"
65000232,"DOMOKI","goide","ogham","Thiery, F. & Schmidt S.C.","2020/2021"
65000233,"CUMNI MAQI MUCOI VALUVI","goide","ogham","Thiery, F. & Schmidt S.C.","2020/2021"
65000234,"CATABAR MOCO VIRICORB","goide","ogham","Thiery, F. & Schmidt S.C.","2020/2021"
65000235,"VOCAGNI MAQI CUR(I)T","goide","ogham","Thiery, F. & Schmidt S.C.","2020/2021"
65000237,"LUGUDI MAQI L..D...QA MOCOI DONM(A)","goide","ogham","Thiery, F. & Schmidt S.C.","2020/2021"
65000238,"MODDAGN[I] MAQI GATTAGN[I] MUCOI LUGUNI","goide","ogham","Thiery, F. & Schmidt S.C.","2020/2021"
65000240,"TORAESCEUSAS MAQI MUCOI MEUTINI","goide","ogham","Thiery, F. & Schmidt S.C.","2020/2021"
65000241,"DRUGNO MAQI MUCOI [....] NAMI","goide","ogham","Thiery, F. & Schmidt S.C.","2020/2021"
65000242,"CAGINADI MAQI VOBARACI","goide","ogham","Thiery, F. & Schmidt S.C.","2020/2021"
65000243,"DINEGLO MAQI QETAIS","goide","ogham","Thiery, F. & Schmidt S.C.","2020/2021"
65000244,"OSBBAR","goide","ogham","Thiery, F. & Schmidt S.C.","2020/2021"
65000245,"OVOMAN(I?)","goide","ogham","Thiery, F. & Schmidt S.C.","2020/2021"
65000247,"NETTACU[NAS].","goide","ogham","Thiery, F. & Schmidt S.C.","2020/2021"
65000248,"BROCAGNI MAQI MU","goide","ogham","Thiery, F. & Schmidt S.C.","2020/2021"
65000249,"DOTETTO MAQI MAGLANI","goide","ogham","Thiery, F. & Schmidt S.C.","2020/2021"
65000250,"MAQI-ERACIAS MAQI DIMAQA MUCO[I....","goide","ogham","Thiery, F. & Schmidt S.C.","2020/2021"
65000252,"LOBBI KOI MAQQI MUCCOI RINI","goide","ogham","Thiery, F. & Schmidt S.C.","2020/2021"
65000253,"VIR...","goide","ogham","Thiery, F. & Schmidt S.C.","2020/2021"
65000254,"SEVERRIT [MAQI MUCOI RO]TTAIS","goide","ogham","Thiery, F. & Schmidt S.C.","2020/2021"
65000255,"DOVATUCI [A]VI TULOTANAGIA","goide","ogham","Thiery, F. & Schmidt S.C.","2020/2021"
65000256,"CORBI KOI MAQI LABRID [...","goide","ogham","Thiery, F. & Schmidt S.C.","2020/2021"
65000257,"BRANOGENI","goide","ogham","Thiery, F. & Schmidt S.C.","2020/2021"
65000258,"LUGADDON MAQI LUGUDEC DDISI MO[...]CQU S(?)EL","goide","ogham","Thiery, F. & Schmidt S.C.","2020/2021"
65000259,"MAQI-CAIRATINI AVI INEQAGLAS","goide","ogham","Thiery, F. & Schmidt S.C.","2020/2021"
65000260,"COVAGNI MAQI MUCOI LUGUNI","goide","ogham","Thiery, F. & Schmidt S.C.","2020/2021"
65000262,"LONAMNI AVI BARI","goide","ogham","Thiery, F. & Schmidt S.C.","2020/2021"
65000263,"IARNI","goide","ogham","Thiery, F. & Schmidt S.C.","2020/2021"
65000265,"SEDAN[I MAQQI CAT]TABBOTT AVVI DERCMASOC","goide","ogham","Thiery, F. & Schmidt S.C.","2020/2021"
65000266,"NETA-CARI NETA CAGI","goide","ogham","Thiery, F. & Schmidt S.C.","2020/2021"
65000267,"IAQINI KOI MAQI MUC ....","goide","ogham","Thiery, F. & Schmidt S.C.","2020/2021"
65000268,"..CCI MAQ..INI..","goide","ogham","Thiery, F. & Schmidt S.C.","2020/2021"
65000269,"ALATTOS MAQI BR...","goide","ogham","Thiery, F. & Schmidt S.C.","2020/2021"
65000270,"VOTI","goide","ogham","Thiery, F. & Schmidt S.C.","2020/2021"
65000271,"MAQI NILI","goide","ogham","Thiery, F. & Schmidt S.C.","2020/2021"
65000273,"ATUCMLU","goide","ogham","Thiery, F. & Schmidt S.C.","2020/2021"
65000274,"[TH]URGRIM RISTI [KR]US THINA BENDACHT [AR] TOROQR[IM]","goide","ogham","Thiery, F. & Schmidt S.C.","2020/2021"
65000275,"ANM SAINA MAQ OGALA MUCOI TEMOCA","goide","ogham","Thiery, F. & Schmidt S.C.","2020/2021"
65000276,"SAGITTARI","goide","ogham","Thiery, F. & Schmidt S.C.","2020/2021"
65000277,"TRENU MAQI MUCOI QRITTI","goide","ogham","Thiery, F. & Schmidt S.C.","2020/2021"
65000278,"CATTUBUTTAS MAQ[...","goide","ogham","Thiery, F. & Schmidt S.C.","2020/2021"
65000279,"]UIVAIBES ]RTAGNI","goide","ogham","Thiery, F. & Schmidt S.C.","2020/2021"
65000280,"QASIGN[i] MAQ[I]","goide","ogham","Thiery, F. & Schmidt S.C.","2020/2021"
65000281,"MAILAGN(I)","goide","ogham","Thiery, F. & Schmidt S.C.","2020/2021"
65000282,"OLAGNI MAQ[...","goide","ogham","Thiery, F. & Schmidt S.C.","2020/2021"
65000283,"DOCRANORI","goide","ogham","Thiery, F. & Schmidt S.C.","2020/2021"
65000284,"COLOMAGNI AVI DUCURI BRUSCO MAQI DOVALESCI","goide","ogham","Thiery, F. & Schmidt S.C.","2020/2021"
65000285,"LODIMONI","goide","ogham","Thiery, F. & Schmidt S.C.","2020/2021"
65000286,"LOGA MAQI SDANBI","goide","ogham","Thiery, F. & Schmidt S.C.","2020/2021"
65000287,"MAQI-DECCEDDAS AVI TURANIAS","goide","ogham","Thiery, F. & Schmidt S.C.","2020/2021"
65000288,"CARI","goide","ogham","Thiery, F. & Schmidt S.C.","2020/2021"
65000289,"LUGUQRIT [.........] LONAS","goide","ogham","Thiery, F. & Schmidt S.C.","2020/2021"
65000290,"GIRAGNI","goide","ogham","Thiery, F. & Schmidt S.C.","2020/2021"
65000291,"....MA]Q CERAN[I] AVI ATHECETAIMIN","goide","ogham","Thiery, F. & Schmidt S.C.","2020/2021"
65000292,"CUNAGUSOS MAQi MUCOI VIRAGNI","goide","ogham","Thiery, F. & Schmidt S.C.","2020/2021"
65000293,"COIMAGNI MAQI MOCOI GA...","goide","ogham","Thiery, F. & Schmidt S.C.","2020/2021"
65000294,"UBEDABO ALTASI","goide","ogham","Thiery, F. & Schmidt S.C.","2020/2021"
65000295,"DOMNGEN","goide","ogham","Thiery, F. & Schmidt S.C.","2020/2021"
65000296,"CONANN M[AQI] S...","goide","ogham","Thiery, F. & Schmidt S.C.","2020/2021"
65000297,"ANM CASONI [MAQ]I RODAGNI","goide","ogham","Thiery, F. & Schmidt S.C.","2020/2021"
65000298,"ANM TENAS MACi V[...","goide","ogham","Thiery, F. & Schmidt S.C.","2020/2021"
65000301,"ELUNA MU[C...","goide","ogham","Thiery, F. & Schmidt S.C.","2020/2021"
65000302,"]OVI","goide","ogham","Thiery, F. & Schmidt S.C.","2020/2021"
65000303,"[M]","goide","ogham","Thiery, F. & Schmidt S.C.","2020/2021"
65000304,"C[A]SSITT[A]S MAQI MUCOI CALLITI","goide","ogham","Thiery, F. & Schmidt S.C.","2020/2021"
65000305,"MAILAGURO MAQ[I...]VILEB[...","goide","ogham","Thiery, F. & Schmidt S.C.","2020/2021"
65000306,"LAMADILICCI MAC MAIL BROCC","goide","ogham","Thiery, F. & Schmidt S.C.","2020/2021"
65000307,"ERACOBI MAQI ERAQETAI","goide","ogham","Thiery, F. & Schmidt S.C.","2020/2021"
65000308,"GRILAGNI MAQI SCILAGNI","goide","ogham","Thiery, F. & Schmidt S.C.","2020/2021"
65000309,"CLIUCOANAS MAQI MAQI-RENI","goide","ogham","Thiery, F. & Schmidt S.C.","2020/2021"
65000310,"DRUTIQULI MAQI MAQI-RODAGNI","goide","ogham","Thiery, F. & Schmidt S.C.","2020/2021"
65000311,"BRANAN MAQI OQOLI","goide","ogham","Thiery, F. & Schmidt S.C.","2020/2021"
65000312,"BOGAI MAQI BIRACO","goide","ogham","Thiery, F. & Schmidt S.C.","2020/2021"
65000313,"MAQ-ACTO MAQ GAR[... MAQI MUCOI Z]","goide","ogham","Thiery, F. & Schmidt S.C.","2020/2021"
65000314,"CRONUN MAC BAIT","goide","ogham","Thiery, F. & Schmidt S.C.","2020/2021"
65000315,"BLATEGSI","goide","ogham","Thiery, F. & Schmidt S.C.","2020/2021"
65000316,"ACTI MAQI [.....MAGO.","goide","ogham","Thiery, F. & Schmidt S.C.","2020/2021"
65000317,"ERCAIDANA","goide","ogham","Thiery, F. & Schmidt S.C.","2020/2021"
65000318,"DOMMO MACI VEDUCERI","goide","ogham","Thiery, F. & Schmidt S.C.","2020/2021"
65000319,"NAM MEDDOGENI","goide","ogham","Thiery, F. & Schmidt S.C.","2020/2021"
65000320,"COVALOTI","goide","ogham","Thiery, F. & Schmidt S.C.","2020/2021"
65000321,"...]LL MAQI VORRTIGURN DOIBI","goide","ogham","Thiery, F. & Schmidt S.C.","2020/2021"
65000322,"CORBAGNI K[OI] M[A]Q[I] MOCCOI COROTANI","goide","ogham","Thiery, F. & Schmidt S.C.","2020/2021"
65000323,"SACATTINI","goide","ogham","Thiery, F. & Schmidt S.C.","2020/2021"
65000324,"LGG SDLENGESCAD MAQ CORRBRI MAQ AMMLLONGITT","goide","ogham","Ogham in 3D Project","2021"
65000325,"AB ULCCAGNI","goide","ogham","Ogham in 3D Project","2021"
65000326,"MAQI-ESE/A MAQI DOMANE/QI","goide","ogham","Ogham in 3D Project","2021"
65000327,"DILOGONN","goide","ogham","Ogham in 3D Project","2021"
65000328,"COMMAGGAGNI MUCOI/ ISAMMNN","goide","ogham","Ogham in 3D Project","2021"
65000329,"OLISSEGVOG","goide","ogham","Ogham in 3D Project","2021"
65000330,"CUNOVATO","goide","ogham","Ogham in 3D Project","2021"
65000331,"VEQREQ MOQOI GLUNLEGGET","goide","ogham","Ogham in 3D Project","2021"
65000332,"DALAGNI MAQI DALI","goide","ogham","Ogham in 3D Project","2021"
65000333,"VRAICCI/ MAQI MEDVVI","goide","ogham","Ogham in 3D Project","2021"
65000334,"BROINIENAS KOI NETTA-TTRENALUGOS","goide","ogham","Ogham in 3D Project","2021"
65000335,"MAQ REGAS MUCOI","goide","ogham","Ogham in 3D Project","2021"
65000336,"CTAN/QLOG","goide","ogham","Ogham in 3D Project","2021"
65000337,"MAQI MAQI/OGGODIKA","goide","ogham","Ogham in 3D Project","2021"
65000338,"CELI AVI VUD?","goide","ogham","Ogham in 3D Project","2021"
65000339,"QRIMITIR RO/NA/NN MAQ COMOGANN","goide","ogham","Ogham in 3D Project","2021"
65000340,"LUGUQRIT MAQI/ QRITTI","goide","ogham","Ogham in 3D Project","2021"
65000341,"MOINENA MAQI OLACON","goide","ogham","Ogham in 3D Project","2021"
65000342,"RENI","goide","ogham","Ogham in 3D Project","2021"
65000343,"GRAVICAS MAQI MUCOI/ DOVVINIAS","goide","ogham","Ogham in 3D Project","2021"
65000344,"BROINIONAS","goide","ogham","Ogham in 3D Project","2021"
65000345,"G/LUBBIAS MAQQI/ DN/IA?S","goide","ogham","Ogham in 3D Project","2021"
65000346,"CCICAMINI MAQ/Q/I CATTINI","goide","ogham","Ogham in 3D Project","2021"
65000347,"CUNAMAQQI CORBBI MAQQI MUCCOI DOVVINIAS","goide","ogham","Ogham in 3D Project","2021"
65000348,"AKEVRITTI","goide","ogham","Ogham in 3D Project","2021"
65000349,"MAQQI-IARI KOI MA/QQI MU/CCOI DOVVINIAS","goide","ogham","Ogham in 3D Project","2021"
65000350,"DOVETI MAQQI/ CATTI/NI","goide","ogham","Ogham in 3D Project","2021"
65000351,"SUVALLOS MAQ/QI DU/COVAROS","goide","ogham","Ogham in 3D Project","2021"
65000352,"MAQI-DECCEDA/ MAQI/ GLASICONAS","goide","ogham","Ogham in 3D Project","2021"
65000353,"DUNAIDONAS/ MAQI MARIANI","goide","ogham","Ogham in 3D Project","2021"
65000354,"TRIA MAQA MAILAGNI/ CURCITTI","goide","ogham","Ogham in 3D Project","2021"
65000355,"INISSIO/NAS","goide","ogham","Ogham in 3D Project","2021"
65000356,"CUNAMAQQI/ AVI CORBBI","goide","ogham","Ogham in 3D Project","2021"
65000357,"NETTA-LAMINACCA KO/I MA/QQI MUCOI DOVINIAS","goide","ogham","Ogham in 3D Project","2021"
65000358,"COIMAGNI MAQI VITALIN","goide","ogham","Ogham in 3D Project","2021"
65000359,"...MUCOI MUCCI...","goide","ogham","Ogham in 3D Project","2021"
65000360,"QENILOCI MAQI MAQI-AINIA MUCOI","goide","ogham","Ogham in 3D Project","2021"
65000361,"DUGENNGI MAQI RODOS","goide","ogham","Ogham in 3D Project","2021"
65000362,"TOGITTACC MAQI SAGARETTOS","goide","ogham","Ogham in 3D Project","2021"
65000363,"MAQI MUCCOI","goide","ogham","Ogham in 3D Project","2021"
65000364,"MAQQI-ERCCIA MAQQI MUCOI DOVINIA","goide","ogham","Ogham in 3D Project","2021"
65000365,"ERC MAQI MAQI-ERCIAS MU DOVINIA","goide","ogham","Ogham in 3D Project","2021"
65000366,"BRUSCCOS MAQQI CALIACI","goide","ogham","Ogham in 3D Project","2021"
65000367,"TALAGNI MAQI","goide","ogham","Ogham in 3D Project","2021"
65000368,"CO?BBA? AVI VLATIAMI MAQ...","goide","ogham","Ogham in 3D Project","2021"
65000369,"EQODDI","goide","ogham","Ogham in 3D Project","2021"
65000370,"ANM MAILE-INBIR/ MACI BROCANN","goide","ogham","Ogham in 3D Project","2021"
65000371,"MARIANI","goide","ogham","Ogham in 3D Project","2021"
65000372,"SANGTI LLOTETI AVI SRUSA","goide","ogham","Ogham in 3D Project","2021"
65000373,"OVANOS AVI I/VACA/TTOS","goide","ogham","Ogham in 3D Project","2021"
65000374,"GOSSUCTTIAS","goide","ogham","Ogham in 3D Project","2021"
65000375,"GAMICUNAS","goide","ogham","Ogham in 3D Project","2021"
65000376,"QENILOCAGNI MAQI D...","goide","ogham","Ogham in 3D Project","2021"
65000377,"ANM COL(OLTH)MAN ALITHIR","goide","ogham","Ogham in 3D Project","2021"
65000378,"CURCI MAQI MUCOI VO","goide","ogham","Ogham in 3D Project","2021"
65000379,"ERCAVICCAS MAQI CO","goide","ogham","Ogham in 3D Project","2021"
65000380,"DEGO{S} MAQI MOCOI TOICAKI","goide","ogham","Ogham in 3D Project","2021"
65000381,"MAQI-RITEAS MAQI MAQI-DDUMILEAS/ MUCOI TOICACI","goide","ogham","Ogham in 3D Project","2021"
65000382,"CUNACENA","goide","ogham","Ogham in 3D Project","2021"
65000383,"MAQI-DDECCEDA MAQI MARIN","goide","ogham","Ogham in 3D Project","2021"
65000384,"MAQI-TTAL MAQI VORGOS MA/QI MU/COI TOICAC","goide","ogham","Ogham in 3D Project","2021"
65000385,"MC GE?/ MAQ D/E?","goide","ogham","Ogham in 3D Project","2021"
65000386,"NIOTTVRECC MAQI/ GNI","goide","ogham","Ogham in 3D Project","2021"
65000387,"MAQI-DECEDA MAQI","goide","ogham","Ogham in 3D Project","2021"
65000388,"SBNAG MAQQI-RCIA","goide","ogham","Ogham in 3D Project","2021"
65000389,"[AN]M VIRRACC/ANNI TIGIR[N] C/TEDATTOQA MAQI/ VEDELMETTO","goide","ogham","Ogham in 3D Project","2021"
65000390,"ECC MAQI LUGUQRRIT","goide","ogham","Ogham in 3D Project","2021"
65000391,"UMALL","goide","ogham","Ogham in 3D Project","2021"
65000392,"AGGO MAQI AGILL","goide","ogham","Ogham in 3D Project","2021"
65000393,"DUBEB Q/N","goide","ogham","Ogham in 3D Project","2021"
65000394,"[RI]TTAVVECC MAQI VEDDONOS","goide","ogham","Ogham in 3D Project","2021"
65000395,"L M","goide","ogham","Ogham in 3D Project","2021"
65000396,"URG","goide","ogham","Ogham in 3D Project","2021"
65000397,"ALATTO CELI BAT/TIG/NI","goide","ogham","Ogham in 3D Project","2021"
65000398,"GOSOCTEAS MOSAC MAKINI","goide","ogham","Ogham in 3D Project","2021"
65000399,"NOCATI MAQI MAQI-RET/ MAQI MUCOI UDDAMI","goide","ogham","Ogham in 3D Project","2021"
65000400,"LAGOBB/ MUCO TUCACAC","goide","ogham","Ogham in 3D Project","2021"
65000401,"EGNI KOI MAQI MUC/OI AI","goide","ogham","Ogham in 3D Project","2021"
65000402,"ANM LLATIGNI MAQ MINERC/ MUCOI QCI?","goide","ogham","Ogham in 3D Project","2021"
65000403,"ANM VINNAGITLET","goide","ogham","Ogham in 3D Project","2021"
65000404,"AVSSMAQVS","goide","ogham","Ogham in 3D Project","2021"
65000405,"EQQEGGNI MAQI MAQI-CARATTINN","goide","ogham","Ogham in 3D Project","2021"
65000406,"BAIDAGNI MAQI ADDILONA NAGUNI MUCO BAIDANI NIR[???]MNIDAGNIESSICONIDDALA/ AMIT BAIDAGNI","goide","ogham","Ogham in 3D Project","2021"
65000407,"BRRUA/ENANN","goide","ogham","Ogham in 3D Project","2021"
65000408,"V MAQI","goide","ogham","Ogham in 3D Project","2021"
65000409,"LMCBLTCL/LT","goide","ogham","Ogham in 3D Project","2021"
65000410,"LA","goide","ogham","Ogham in 3D Project","2021"
65000411,"DUMELI MAQI GLASICONAS NIOTTA COBRANORA","goide","ogham","Ogham in 3D Project","2021"
65000412,"GALEOTOS","goide","ogham","Ogham in 3D Project","2021"
65000413,"CILA MAQQI BAGN/I ANM VURUDDRANN MAQ/I DO/LIGENN","goide","ogham","Ogham in 3D Project","2021"
65000414,"ANM TEGANN MAC DEGL/ANN","goide","ogham","Ogham in 3D Project","2021"
65000415,"NETTAVROICC/ MAQI MUCCOI TRENALUGGO","goide","ogham","Ogham in 3D Project","2021"
65000416,"LUGUDECCAS MAQI/MU/COI NETA-SEGAMONAS/ DOLATI BIGAISGOB...","goide","ogham","Ogham in 3D Project","2021"
65000417,"...NACI MAQI ...","goide","ogham","Ogham in 3D Project","2021"
65000418,"AMADU","goide","ogham","Ogham in 3D Project","2021"
65000419,"COLLABOT MUCOI LUGA/ MAQI LOBACCONA","goide","ogham","Ogham in 3D Project","2021"
65000420,"MEDUSI MACI LU/ MUCOI LUGA","goide","ogham","Ogham in 3D Project","2021"
65000421,"CATTUVIR","goide","ogham","Ogham in 3D Project","2021"
65000422,"MANU MAGUNO GATI MOCOI MACORBO","goide","ogham","Ogham in 3D Project","2021"
65000423,"CALUNOVICA MAQI MUCOI LITENI","goide","ogham","Ogham in 3D Project","2021"
65000424,"MAQI-INI MAQI QETTEAS","goide","ogham","Ogham in 3D Project","2021"
65000425,"CUNALEGEA MAQI C[....]SALAR CELI AVI QVECI","goide","ogham","Ogham in 3D Project","2021"
65000426,"BIGU MAQI LAG","goide","ogham","Ogham in 3D Project","2021"
65000427,"BIR MAQI MUCOI ROTTAIS","goide","ogham","Ogham in 3D Project","2021"
65000428,"MAQI NETAS","goide","ogham","Ogham in 3D Project","2021"
65000429,"DENAVECA MUCOI MEDALO","goide","ogham","Ogham in 3D Project","2021"
65000430,"TASEGAGNI/ MAQ/ I MUCOI MACORBO","goide","ogham","Ogham in 3D Project","2021"
65000431,"BROINIONAS","goide","ogham","Ogham in 3D Project","2021"
65000432,"DEAGOS MAQI MUCOI NAI","goide","ogham","Ogham in 3D Project","2021"
65000433,"BIVODON MUCOI ATAR","goide","ogham","Ogham in 3D Project","2021"
65000434,"ERATI MUCOI NETA-S/EGAMONAS","goide","ogham","Ogham in 3D Project","2021"
65000435,"RGBCARCEN","goide","ogham","Ogham in 3D Project","2021"
65000436,"CORB","goide","ogham","Ogham in 3D Project","2021"
65000437,"QECCIAS MUCOI BROENIONAS","goide","ogham","Ogham in 3D Project","2021"
65000438,"CIR MAQI MUC","goide","ogham","Ogham in 3D Project","2021"
65000439,"VORTIGURN","goide","ogham","Ogham in 3D Project","2021"
65000440,"VEDABAR MAQILSM/ MOCOI ODR/REA","goide","ogham","Ogham in 3D Project","2021"
65000441,"MAQI MONGEDIAS/ MAQI/ MUIBITI","goide","ogham","Ogham in 3D Project","2021"
65000442,"CUNANETAS MAQ/I MMUC/OI NETA-SEGAMONAS","goide","ogham","Ogham in 3D Project","2021"
65000443,"DRUGNO MAQI/ MUCOI NAMI","goide","ogham","Ogham in 3D Project","2021"
65000444,"MAQI ERACIAS MAQI/ DIMAQA MUCOI","goide","ogham","Ogham in 3D Project","2021"
65000445,"LOBBI KOI MAQQI MUC/COI R/INI","goide","ogham","Ogham in 3D Project","2021"
65000446,"VIR","goide","ogham","Ogham in 3D Project","2021"
65000447,"SEVERRIT/ MAQI/ ROTTAIS","goide","ogham","Ogham in 3D Project","2021"
65000448,"DOVATUC/QI AV/I/ TULOTANAGIA","goide","ogham","Ogham in 3D Project","2021"
65000449,"CORBI KOI MAQI LABRID","goide","ogham","Ogham in 3D Project","2021"
65000450,"LUGADDON MAQ/I LUGU/DEC DDISI/ MOCQUS/EL","goide","ogham","Ogham in 3D Project","2021"
65000451,"MAQI-CAIRATINI AVI INEQAGLAS","goide","ogham","Ogham in 3D Project","2021"
65000452,"SEDANI MAQI CATTABBOTT AVVI DERCMASOC","goide","ogham","Ogham in 3D Project","2021"
65000453,"NETACARI NETACAGI","goide","ogham","Ogham in 3D Project","2021"
65000454,"IAQINI KOI/ MAQI MUCOI","goide","ogham","Ogham in 3D Project","2021"
65000455,"CCI MAQ INI","goide","ogham","Ogham in 3D Project","2021"
65000456,"VOTI","goide","ogham","Ogham in 3D Project","2021"
65000457,"MAQI NILI","goide","ogham","Ogham in 3D Project","2021"
65000458,"TRENU MAQI MUCOI QRITTI","goide","ogham","Ogham in 3D Project","2021"
65000459,"CATTUBUTTAS MAQI","goide","ogham","Ogham in 3D Project","2021"
65000460,"MAQI-DECCEDDAS AVI TURANIAS","goide","ogham","Ogham in 3D Project","2021"
65000461,"GIRAGNI","goide","ogham","Ogham in 3D Project","2021"
65000462,"CUNAGUSOS MAQI MUCOI VIRA/GNI","goide","ogham","Ogham in 3D Project","2021"
65000463,"COIMAGNI MAQI MOCOI G","goide","ogham","Ogham in 3D Project","2021"
65000464,"TULENA MUC RAN","goide","ogham","Ogham in 3D Project","2021"
65000465,"?M?","goide","ogham","Ogham in 3D Project","2021"
65000466,"LL MAQI VORR/TIGUR/N","goide","ogham","Ogham in 3D Project","2021"
65000467,"CORBAGNI/ KOI MAQI MOC/COI COROTANI","goide","ogham","Ogham in 3D Project","2021"
65000468,"SACATTI/NI","goide","ogham","Ogham in 3D Project","2021"
65000469,"OC/GIC","goide","ogham","Ogham in 3D Project","2021"
65000470,"MAQI-CORABIR MAQI TANB NETA-SALAGIA MAQI MUCOI","goide","ogham","Ogham in 3D Project","2021"
65000471,"ANM MAQQI-LASIRE MAQQI BIRRAC...?","goide","ogham","Ogham in 3D Project","2021"
65000472,"BECCDINN MACI/ R/ITTECC","goide","ogham","Ogham in 3D Project","2021"
65000473,"GELAGNI AVI","goide","ogham","Ogham in 3D Project","2021"
65000474,"VEDDELLEMETTO MU/CI/ LOGIDDEAS/ AVVI MUNICCONA","goide","ogham","Ogham in 3D Project","2021"
65000475,"RETAGIN MAQI DOVU","goide","ogham","Ogham in 3D Project","2021"
65000476,"RAVASA KOI MAQQI D/TL SENN","goide","ogham","Ogham in 3D Project","2021"
65000477,"...U MAQI CUMUGODU/U MUCO","goide","ogham","Ogham in 3D Project","2021"
65000478,"UMU T","goide","ogham","Ogham in 3D Project","2021"
65000479,"SENAQ MAQI/ MUCOI ENA","goide","ogham","Ogham in 3D Project","2021"
65000480,"VEDILIMETO/ MAQI/ TOQITAQ","goide","ogham","Ogham in 3D Project","2021"
65000481,"ANM SILLANN MAQ VATTILLOGG","goide","ogham","Ogham in 3D Project","2021"
65000482,"V A S","goide","ogham","Ogham in 3D Project","2021"
65000483,"NS","goide","ogham","Ogham in 3D Project","2021"
65000484,"MAQICUNALIGEAS/ MAQI COILLI/ MUCOI COSCI/EAS","goide","ogham","Ogham in 3D Project","2021"
65000485,"DT MUCOI RGN","goide","ogham","Ogham in 3D Project","2021"
65000486,"--][Q][--][AAMQMARO][--
","goide","ogham","Gippert, J.","1996"
65000487,"MAQACTOMAQGAR","goide","ogham","Ziegler, S.","1994"
65000488,"[MAQACTOMAQGAR][--","goide","ogham","Macalister, R.A.S.","1945"
65000489,"DOTETTOMAQ[IMAGLANI]","goide","ogham","Macalister, R.A.S.","1945"
65000490,"LADDIGNIMAQQIMUCCOIAN[--","goide","ogham","Macalister, R.A.S.","1945"
65000491,"LADDIGNIMAQQIMUCCOIANA[DO][--","goide","ogham","Macalister, R.A.S.","1897"
65000492,"LAIDANNMAQIMACORBO","goide","ogham","Macalister, R.A.S.","1945"
65000493,"LAIDANNMAQIMACORB[I]","goide","ogham","Macalister, R.A.S.","1897"
65000494,"LUGUVVECCAMAQI[--","goide","ogham","Macalister, R.A.S.","1945"
65000495,"LUGUVVEMOCCOMAQIMEQ[O][--","goide","ogham","Macalister, R.A.S.","1897"
65000496,"--]MAQIMAQ[I][--][O]GGODIKA","goide","ogham","Macalister, R.A.S.","1945"
65000497,"[L^O^U]GGODIKAMAQIMAQ[O][--","goide","ogham","Macalister, R.A.S.","1897"
65000498,"--]CELIAVIVU[D!][--","goide","ogham","Macalister, R.A.S.","1945"
65000499,"[--][H^Q][--]LIOVIVU[D!]","goide","ogham","Macalister, R.A.S.","1897"
65000500,"GIRAGNI","name","ogham","Macalister/1945","1945"
65000501,"CUNAGUSOSMAQIMUCOIVIRA ||| GNI","goide","ogham","Macalister/1945","1945"
65000502,"CUNAGUSOSMAQIMUCOIVIRA ||| G[N]I","goide","ogham","McManus/1991","1991"
65000503,"CUNAGUSOSMAQIMUCOIVIRA ||| GNI","goide","ogham","Macalister/1907","1907"
65000504,"COIMAGNIMAQIMOCOIGA[--","goide","ogham","Macalister, R.A.S.","1945"
65000505,"CO[I]MAGNIMAQIMOCOIG[--","goide","ogham","McManus/1991","1991"
65000506,"C[OI]MAGNIMAQIM[OC]O[I][--
","goide","ogham","Gippert/1997","1997"
65000507,"COIMAGNIMAQIMOCIGA[--","goide","ogham","Macalister/1907","1907"
65000508,"LUGUDECCASMAQI ||| [MU]COINETASEGAMONAS ||| DOLATIBIGAISGOB[--","goide","ogham","Macalister, R.A.S.","1945"
65000509,"LUGUDECCASMAQI[MU]COINETASEGAMONASDOLATIBIGAISGOB","goide","ogham","Macalister/1907","1907"
65000510,"--]NACIMAQI[--","goide","ogham","Macalister/1945","1945"
65000511,"--]ANACIMAQI[--","goide","ogham","Macalister/1907","1907"
65000512,"AMADU","name","ogham","Macalister, R.A.S.","1945"
65000513,"--]TAQMAQO[--","goide","ogham","Macalister, R.A.S.","1945"
65000514,"RETAGINMAQIDOV[U!][--","goide","ogham","McManus, R.A.S.","1991"
65000515,"--]VMAQI[--","goide","ogham","Macalister, R.A.S.","1945"
65000516,"LMCBLTCL ||| LT | QAN","unknw","oghms","Macalister, R.A.S.","1945"
65000517,"CT[A]N[--] ||| QLOG[--","goide","ogham","Macalister,R.A.S.","1945"
65000518,"--][D!]ITA[V!][--","goide","ogham","Macalister, R.A.S.","1945"
65000519,"--]VITAL[--","goide","ogham","O'Kelly","1986"
65000520,"QRIMITIRON ||| [A]NNMAQCOMOGANN","goide","ogham","Macalister, R.A.S.","1945"
65000521,"QRIMITIRO[N] ||| [AN]MA[Q]COMOGANN","goide","ogham","Cuppage et al/1986","1986"
65000522,"QRIMITIRRO ||| N ||| ANNMAQCOMOGANN","goide","ogham","Macalister/1902","1902"
65000523,"ODUDBOLDSE","ind","oghms","Macalister, R.A.S.","1945"
65000524,"UBEDABOALTASI","ind","oghms","Macalister, R.A.S.","1945"
65000525,"COVTET","unknw","oghms","Macalister, R.A.S.","1945"
65000526,"--]UIVAIBES ||| [--]RTAGNI","goide","ogham","Macalister, R.A.S.","1945"
65000527,"--A]RTAGNI ||| [AV]I[D]I[T]IB[EA]S","goide","ogham","Macalister, R.A.S.","1907"
65000528,"MAILAGN[I]","name","ogham","Macalister, R.A.S.","1907"
65000529,"[AILE]LLAMAQIVORRTIGURN","goide","ogham","Macalister, R.A.S.","1907"
65000530,"--]LLMAQIVORRTIGURN","goide","ogham","Macalister, R.A.S.","1945"
65000531,"DIOBI","name","ogham","Macalister, R.A.S.","1945"
65000532,"CORBAGNI || K[OI]M[A]Q[I]M ||| OC ||| COICOROTANI","goide","ogham","Macalister, R.A.S.","1945"
65000533,"--][CO]RBAGN[I]K[--]COI[C]ORO[T]ANI","goide","ogham","McManus, D.","1991"
65000534,"CORBAGNI ||| K[OI]MAQIMO ||| CO ||| ITORIANI","goide","ogham","Macalister, R.A.S.","1907"
65000535,"SACATTI ||| NI[--","name","ogham","Macalister, R.A.S.","1945"
65000536,"SACATT[I]N[I]","name","ogham","McManus, D.","1991"
65000537,"--]ULCCAGNI","goide","ogham","Macalister, R.A.S.","1907"
65000538,"ABULCCAGNI","goide","ogham","Macalister, R.A.S.","1945"
65000539,"ULCCAGNI","goide","ogham","McManus, D.","1991"
65000540,"MAQIESI ||| MAQIDOMANE ||| QI","goide","ogham","Macalister, R.A.S.","1907"
65000541,"MAQIMAD","ind","oghms","Macalister, R.A.S.","1907"
65000542,"--]BA[-][U]MAD[--","ind","oghms","Macalister, R.A.S.","1945"
65000543,"MAQIESE ||| AMAQIDOMANE ||| QI","goide","ogham","Macalister, R.A.S.","1945"
65000544,"--]TEC[--][N][--][A][I]","goide","ogham","Macalister, R.A.S.","1945"
65000545,"DILOGONN","name","ogham","Macalister, R.A.S.","1945"
65000546,"IDLOGONN","name","ogham","Macalister, R.A.S.","1945"
65000547,"LUGUNI","name","ogham","Macalister, R.A.S.","1907"
65000548,"MAILAGUROMA[I][--]LIL[--","goide","ogham","McManus, D.","1991"
65000549,"MAILAGUROMAQ[I][--]VILEB[--
","goide","ogham","Macalister, R.A.S.","1907"
65000550,"BLOTEGSI","name","ogham","Macalister, R.A.S.","1907"
65000551,"BLATEGSI","name","ogham","Macalister, R.A.S.","1945"
65000552,"ACTOMAQI[D!][--]MAGO","goide","ogham","Macalister, R.A.S.","1907"
65000553,"ACTOMAQI ||| [--]MAGO","goide","ogham","Macalister, R.A.S.","1945"
65000554,"ERCAIDANA","name","ogham","Macalister, R.A.S.","1945"
65000555,"DOMMOMACIVEDUCERI","goide","ogham","Macalister, R.A.S.","1945"
65000556,"D[O!]MM[--]MAC[I--]ERI","goide","ogham","McManus, D.","1991"
65000557,"DOMMOMACUVEDUCERI","goide","ogham","Macalister, R.A.S.","1907"
65000558,"ANMMEDDOGENI
","goide","ogham","Macalister, R.A.S.","1945"
65000559,"ANMMEDDOGEN[I]","goide","ogham","Gippert, J.","1981"
65000560,"C[O]SALUT[I]","name","ogham","Macalister, R.A.S.","1907"
65000561,"COVALOTI","name","ogham","Macalister, R.A.S.","1945"
65000562,"--]MDULICCI ||| MACIEBR ||| [--","goide","ogham","Macalister, R. A. S.","1907"
65000563,"LAMADILICCIMACMAI ||| CBRO || CC","goide","ogham","Macalister, R. A.S.","1945"
65000564,"[LAM]ADULICC[I]MA[CMAICBRO ||| CC]

","goide","ogham","Gippert, J.","1997"
65000565,"ERACOBIMAQIERAQETAI","goide","ogham","Macalister, R. A. S.","1945"
65000566,"G[.]ILAGNIMA[QI]SCILAGN[I]","goide","ogham","Gippert/Web","1997"
65000567,"GRILAGNIMAQISCILAGNI","goide","ogham","Macalister, R.A.S.","1945"
65000568,"CLIUCOANA ||| S | MAQI MAQITREN ||| I","goide","ogham","Macalister, R. A. S.","1945"
65000569,"DRUTIQULIMAQIMAQIRODAGNI","goide","ogham","Macalister, R.A.S.","1945"
65000570,"DRUTIQ[O!]LIMAQIMAQIQORINI","goide","ogham","Macalister, R.A.S.","1907"
65000571,"BRANANMAQIOQOLI","goide","ogham","Macalister, R.A.S.","1907"
65000572,"BRANANMAQI[O]QOLI","goide","ogham","McManus, D.","1991"
65000573,"BRANANMAQIO[Q]OL[I][--","goide","ogham","Gippert/Web","1997"
65000574,"BOGAIMAQIB[I]RAC[O]","goide","ogham","McManus/1991","1991"
65000575,"MOGAIMAQIBIRACO","goide","ogham","Macalister/1907","1907"
65000576,"BOGAIMAQI[BIRAC][--","goide","ogham","Gippert/Web","1997"
65000577,"BOGAIMAQIB ||| IRACO","goide","ogham","Macalister, R.A.S.","1907"
65000578,"CRONUNMACBAIT","goide","ogham","Macalister, R.A.S.","1945"
65000579,"MAQICOR[A]B[I]RM[A]Q[I]TAN[.]B!][-- | N[E]T[A]S[A]L[A]GI[A]MAQ[I]M[U]C[OI][--","goide","ogham","McManus, D.","1991"
65000580,"CORBI{K}OIMAQILABRID[--","goide","ogham","Macalister, R.A.S.","1945"
65000581,"GLANNANIMAQ ||| IBBRANNAD","goide","ogham","Macalister, R.A.S.","1949"
65000582,"GLANNANIMAQIBBRANNAD","goide","ogham","McManus, D.","1991"
65000583,"MOINENAMAQIOLACON","goide","ogham","Macalister, R.A.S.","1945"
65000584,"MOIN[E]NAMAQIOLACON","goide","ogham","Gippert, J.","1997"
65000585,"MOINENAMAQIOLACON","goide","ogham","McManus/1991","1991"
65000587,"DUBONIRRAS ||| MAQQITENAC[I]","goide","ogham","Macalister, R.A.S.","1945"
65000588,"CARRICAIMAQQITENAC[I]","goide","ogham","Macalister, R.A.S.","1897"
65000589,"MAQQIQETTIA | MAQQICUNITTI","goide","ogham","Macalister, R.A.S.","1897"
65000590,"MAQQIQUETTI ||| MAQQICUNITTI","goide","ogham","Macalister, R.A.S.","1945"
65000591,"MAQQICUNITTI ||| [M]A[Q]QIQETTI[A]","goide","ogham","Cuppage, J.","1986"
65000592,"GRAVICASMAQI | MUCOI[DO]VVINAS","goide","ogham","Macalister, R.A.S.","1945"
65000593,"[GR]AVICASMAQIMUCO[--
","goide","ogham","McManus, D.","1991"
65000594,"[--]NAVICASMAQIMUCO[I][--]S","goide","ogham","Cuppage, J.","1986"
65000595,"--]GRAVICASMAQIMUCOI[--]S","goide","ogham","Macalister, R.A.S.","1897"
65000596,"BROINIONAS","name","ogham","Macalister, R.A.S.","1945"
65000597,"LUBBAISMAQQIDUN[--]S","goide","ogham","Macalister, R.A.S.","1945"
65000598,"LU[BB]IAS[--","goide","ogham","McManus, D.","1991"
65000599,"G[E]BB[AI]SMAQQ[IT]AN[AI]S","goide","ogham","Macalister, R.A.S.","1897"
65000600,"CCICAMINIMAQQICATTINI","goide","ogham","Macalister, R.A.S.","1897"
65000601,"CCICAMINIMAQQ[I]C[A]TTINI","goide","ogham","Cuppage, J.","1986"
65000602,"CUNAMAQQICORBBIMAQQ ||| [--] ||| [--]S","goide","ogham","Macalister, R.A.S.","1945"
65000603,"[CU]NAMAQQICORBBIMAQQ[--","goide","ogham","McManus, D.","1991"
65000605,"CARRTTACCGAQIMUCAGG[I]","goide","ogham","Macalister, R.A.S.","1945"
65000606,"CARRTTACCGAQIMOCCAGGI","goide","ogham","Macalister, R.A.S.","1907"
65000607,"CARRTTACCMMAQIMUCAGG[I]","goide","ogham","McManus, D.","1991"
65000608,"[C]ARRTTACCMMAQIMU[-]CAGG[--","goide","ogham","Gippert, J.,","1981"
65000609,"BRONOGENI","name","ogham","Macalister/1945","1945"
65000610,"CUMNI | MAQIMU[C]OIV[AL]UCI","goide","ogham","Macalister, R.A.S.","1907"
65000611,"CUMNI | MAQIMUCOIVALUVI","goide","ogham","Macalister, R.A.S.","1945"
65000612,"--]QET[IA]SM[A]QTRENIL[U][--","goide","ogham","Macalister, R.A.S.","1945"
65000613,"--]D[-]QMAMAQI ||| RAG ||| AVVECC","goide","ogham","Macalister, R.A.S.","1907"
65000614,"D[A]Q[U]AMAQI ||| RAG ||| AVVECC","goide","ogham","Macalister, R.A.S.","1945"
65000615,"VOTI","name","ogham","Macalister, R.A.S.","1945"
65000616,"--][MAQI]DROGNOMU[COI][--","goide","ogham","Macalister, R.A.S.","1902"
65000617,"--MAD!]IDROGNOMU[...][--","goide","ogham","Macalister, R.A.S.","1945"
65000618,"IRCCITOS","name","ogham","Macalister, R.A.S.","1945"
65000619,"--]D[--]T[-- ||| --]M[A!][--]C[--][R!][--][G!][--","goide","ogham","McManus, D.","1991"
65000620,"MAILAGNIMAQIGAMATI","goide","ogham","Macalister, R.A.S.","1945"
65000621,"--]CCIMAQ[--","goide","ogham","Macalister, R.A.S","1945"
65000622,"--]INI[--","ind","ogham","Macalister, R. A. S","1945"
65000623,"--]CMA[Q][--
","goide","ogham","Gippert, J.","1997"
65000624,"--]UN[--]CC[--","ind","ogham","Macalister, R. A. S.","1902"
65000625,"--]OLAGNIMAQ[--","goide","ogham","Macalister, R. A. S.","1945"
65000626,"COIMAGNIMAQIVI ||| TALIN","goide","ogham","Macalister, R.A.S.","1897"
65000627,"DUGENNGGI | MAQIREDDOS","goide","ogham","Macalister, R.A.S.","1897"
65000628,"DUGENNGG[I] | MAQIRODDOS","goide","ogham","Macalister, R.A.S.","1945"
65000629,"DUG[E^U]NNGG | MAQIR[O]DD[O]S","goide","ogham","Cuppage, J.","1986"
65000630,"DUG[E^U]NNGG | MAQIR[O]DD[O]S","goide","ogham","Cuppage, J.","1986"
65000631,"LUGUQRITMA[QI] | QRITT[I]","goide","ogham","Macalister, R.A.S.","1897"
65000632,"LUGOQRITMA[QI] ||| QRITT[I]","goide","ogham","Cuppage, J.","1986"
65000633,"AKEVRITTI","name","ogham","Macalister, R.A,S.","1897"
65000634,"MAQQIIARIKIMA ||| QQI ||| MUCCOIDOVVINIAS","goide","ogham","Macalister, R.A.S.","1897"
65000635,"MAQQIIARIKOIMA ||| QQI ||| MUCCOIDOVVINIAS","goide","ogham","Macalister, R.A.S.","1945"
65000636,"DOVETIMAQQI ||| CATTI ||| NI","goide","ogham","Macalister, R.A.S.","1897"
65000637,"SUVALLOSMAQ ||| QIDU ||| COVAROS","goide","ogham","Macalister, R.A.S.","1897"
65000638,"SUVALLOSMAQ ||| [..]DUC ||| OVAROS","goide","ogham","Cuppage, J.","1986"
65000639,"MAQIDECCEDA ||| MAQI ||| GLASICONAS","goide","ogham","Macalister, R.A.S.","1945"
65000640,"TRIAMAQAMAILAGNI","mixed","ogham","Macalister, R.A.S.","1897"
65000641,"TRIAMAQAMAILA ||| GNI | CURCITTI","mixed","ogham","Cuppage, J.","1986"
65000642,"CURCITTI","name","ogham","Macalister, R.A.S.","1897"
65000643,"INISSIONAS","name","ogham","Macalister, R.A.S.","1945"
65000644,"CUNAMAQQIA ||| VICOR ||| BBI","goide","ogham","Macalister, R.A.S.","1945"
65000645,"CULIMAQQIAVICORBI","goide","ogham","OKelly, M.J.","1986"
65000646,"NETTALAMINACCAKO ||| IMA ||| QQIMUCOIDOVIN[IA]S","goide","ogham","Macalister, R.A.S.","1945"
65000647,"[NT]L[A]MINACCAKOIMAQQIMUCOIDO[V][--","goide","ogham","Gippert, J.","1987"
65000648,"NETTALAMINCAKO ||| I ||| MAQQIMUCOIDOV[--","goide","ogham","Macalister, R.A.S.","1897"
65000649,"N[E]TTALAMINACCAKO ||| [I]MA ||| QQIMUCOIDO[--","goide","ogham","Cuppage, J.","1986"
65000650,"VOENACUNASM[--","goide","ogham","Macalister, R.A.S.","1945"
65000651,"VOE[V!]ACUNA[--","goide","ogham","Cuppage, J.","1986"
65000652,"[DGW!]OGNO","name","ogham","Macalister, R.A.S.","1945"
65000653,"[R]OGNO","name","ogham","Cuppage, J.","1986"
65000654,"QRIT[-- ||| [O!]MAQ[I LO]BACONA ||| AVINEAGRACOLINEA","goide","ogham","Macalister, R.A.S.","1945"
65000655,"NETAVRO ||| QI ||| MAQIQIC[.]","goide","ogham","Macalister, R.A.S.","1945"
65000656,"QENILOCIMAQIMAQIAINIAMUC[--","goide","ogham","Macalister, R.A.S.","1945"
65000657,"CATABARMOCOVIRICORB","goide","ogham","Macalister, R.A.S.","1945"
65000659,"MAQ[U!]LIAGMAQI ||| ER || CA","goide","ogham","Macalister, R.A.S.","1945"
65000661,"--][MAQ]QIMUCC[OI][--","ind","ogham","Macalister, R.A.S.,","1945"
65000662,"L[E]GG[--]SD[--]LEGwESCAD","goide","ogham","Macalister, R.A.S.","1945"
65000663,"-]L[O]G[O][--]S[DA][--]ULEG[-]O[VC][--","goide","ogham","Gippert, J.","1996"
65000664,"LE/IGG[O..O]SADIULENGESQ[A]MAQCORRBRIMAQAMMLLORATTA","goide","ogham","Macalister, R.A.S.","1897"
65000665,"MAQCORRBRIMAQAMMLLOGwITT","goide","ogham","Macalister, R.A.S.","1945"
65000666,"MAQCORRBRIM[A]QAMML[LOG--T--

","goide","ogham","Gippert, J.","1996"
65000667,"MAQQIERCCIASMAQQIMUCOIDOVINIA","goide","ogham","Macalister, R.A.S.,","1945"
65000668,"--]MAQ[--]LUG[--","goide","ogham","McManus, D.,","1991"
65000669,"--][Q][--","ind","ogham","Macalister,. R.A.S.,","1945"
65000670,"--][N]][--","ind","ogham","Macalister, R.A.S.,","1945"
65000671,"SAGITTARI","latin","ogham","Macalister, R.A.S.,","1945"
65000672,"TOGITACCMAQISAGARET ||| TOS","goide","ogham","Macalister, R.A.S.,","1945"
65000673,"TOGITTACC[MA]QI[S]AGAR[E][--","goide","ogham","Gippert, J.,","1981"
65000674,"{C}O{N}U{N}E{TTM}O{Q}I{C}O{N}U{R}I","goide","ogham","Macalister, R.A.S.","1945"
65000675,"CONUNETTMAQICON[E]RI","goide","ogham","McManus, D.","1991"
65000676,"--]CCILARIAV[I][--]COIVAG[--","goide","ogham","Macalister, R.A.S.","1945"
65000677,"--]ANI","ind","ogham","Macalister, R.A.S.","1945"
65000678,"DOMNGEN","name","ogham","Macalister, R.A.S.","1945"
65000679,"CONANNM[...]S[--","goide","ogham","Macalister, R.A.S.","1945"
65000680,"SCAMAGNI","name","ogham","Kelly, M.J.,","1976"
65000681,"ANMCALUMANNMAQ[--","goide","ogham","Macalister, R.A.S.","1945"
65000682,"ANMCALUMANNMAC[--","goide","ogham","O'Sullivan, A.","1996"
65000684,"TASEGAGNI ||| [MAQ]IMUCOIMACORBO","goide","ogham","Macalister, R.A.S.","1945"
65000685,"--]MUC[--]MAC[--","goide","ogham","McManus, D.","1991"
65000686,"BECCDINNMACI ||| R ||| I{TTECC}","goide","ogham","McManus, D.","1991"
65000687,"BECCDINNMACI ||| R ||| I[T]VV[..]SS","goide","ogham","O' Kelly, M.","1959"
65000688,"BECCDINNMACI ||| R ||| ITVVECASS","goide","ogham","OSullivan, A.","1996"
65000689,"D[...]A[.C.]AVIDALAGNI [--","goide","ogham","Macalister, R.A.S.","1945"
65000690,"EQQEGGNIMAQIMAQICARATTINN","goide","ogham","Macalister, R.A.S.","1945"
65000692,"BOCHT","goide","oghms","Petrie, G.","1822"
65000693,"NADAV[--","ind","ogham","Manning/Moore","1991"
65000694,"--]RENI","name","ogham","Macalister, R.A.S.","1945"
65000695,"[--]
","inc","ogham","inc","1991"
65000696,"QEN[OVEA][--][A]QI[T]| --[A]M[A][--]G[--]T[--","goide","ogham","Gippert/1997","1978"
65000697,"CATTUVVIRRMAQIRIT ||| [UVVE] ||| CASMUCOIALLATO","goide","ogham","Macalister, R.A.S.","1945"
65000698,"--MA]Q[I]BROCI","goide","ogham","Macalister, R.A.S.","1945"
65000699,"OVANOSAVII ||| VACA ||| TTOS","goide","ogham","Macalister, R.A.S.","1945"
65000700,"MAQIDDE[CCEDA] ||| MAQ ||| IMARIN","goide","ogham","Macalister, R.A.S.","1945"
65000701,"--]MAQQICOLLABOTA","goide","ogham","Macalister, R.A.S.","1945"
65000702,"--]ADDES[--","goide","ogham","Macalister, R.A.S.","1897"
65000703,"--]EGNIKOIMAQIMUC ||| [OI]A[L]I[NI]","goide","ogham","Macalister/1945","1945"
65000704,"AV[.]S[.]MAQV[.]S","goide","ogham","Macalister, R.A.S.","1945"
65000705,"--]UR[--","unknw","ogham","Macalister, R.A.S.","1945"
65000706,"--]LA","ind","ogham","Macalister, R.A.S.","1945"
65000707,"ANMCORREMAQVIUDD[...]METT","goide","ogham","Macalister, R.A.S.","1945"
65000708,"[ANM]CORR{EA}MAQV[VE]D[DEL]M{EA}TT","goide","ogham","Gippert, J.","1997"
65000709,"ANMN[ETAC]U[N]AS[CE]L[I]VIDETTAS","goide","ogham","Macalister, R.A.S.","1945"
65000710,"L[OGIT]TIMAQIERPENN","goide","ogham","Macalister, R.A.S.","1945"
65000711,"--]ERLONNAMAQIR[U]T[ENI]","goide","ogham","Macalister,R.A.S.","1945"
65000712,"--]ERR[L]ON[N]MMAQ[IRUTE]N[I]","goide","ogham","OSullivan, A.","1996"
65000713,"VEQOANAIMAQIEQOD[--","goide","ogham","Macalister, R.A.S.","1945"
65000714,"DEGO{S}MAQIMOCOITOICAKI","goide","ogham","Macalister, R.A.S.","1945"
65000715,"MAQIRITEASMAQIMAQIDDUMILEAS | MUCOITOICACI","goide","ogham","Macalister, R.A.S.","1945"
65000716,"CUNACENA","name","ogham","Macalister, R.A.S.","1945"
65000717,"MAQITTALMAQIVORGOSMA ||| QIMU ||| COITOICAC","goide","ogham","Macalister, R.A.S.","1945"
65000718,"--]MC[--]GE[--] ||| M ||| [--]Q[--] ||| [--]D[--]E","ind","ogham","Macalister, R.A.S.","1945"
65000719,"NIOTTVRECCMAQI[-- ||| --]GNI","goide","ogham","Macalister, R.A.S.","1945"
65000720,"NI[O]TTVR[E/I]CCMAQ[I][-- ||| --]GNI","goide","ogham","McManus, D.","1991"
65000721,"NI[O]TTVR[E]CCMAQ[I][-- ||| --][G]N[--","goide","ogham","Gippert, J.","1981"
65000722,"MAQIDECEDAMAQ[--","goide","ogham","Macalister, R.A.S.","1945"
65000723,"--MA]QCERAN[I] ||| AVIATHECETAIMIN","goide","ogham","Macalister, R.A.S.","1945"
65000724,"--]N[--]Q[--] ||| A[--]ECETAIMI[N][--","goide","ogham","Gippert, J.","1978"
65000725,"[MA]CERAN[I] ||| AVIA{O}ECETAIMIN","goide","ogham","Ziegler, S.","1994"
65000726,"AVIATHECETAIMIN","goide","ogham","Macalister/1945","1945"
65000727,"A[--]ECETAIMI[N][--","goide","ogham","Gippert/Web","1978"
65000728,"AVIA{O}ECETAIMIN","goide","ogham","Ziegler/1994","1994"
65000729,"IARNI","name","ogham","Macalister, R. A. S.","1945"
65000730,"VELITASLUGUTTI","goide","ogham","Macalister, R.A.S.","1945"
65000731,"TORAESCEUSASMAQIMUCOIMEUTINI","goide","ogham","Macalister, R.A.S.","1945"
65000732,"CAGINADIMAQIVOBARACI","goide","ogham","Macalister, R.A.S.","1945"
65000733,"VOCAGNI | MAQICUR[I]T","goide","ogham","Macalister, R.A.S.","1945"
65000735,"DOVETI[MA]Q[I]LOCARENAS | C[EL]IM[A]Q[I]CULID ||| OVI","goide","ogham","Macalister, R.A.S.","1945"
65000736,"SECIDARI","goide","ogham","Macalister, R.A.S.","1945"
65000737,"--]AF[M!]OLA[--","ind","ogham","Power D.","1992"
65000738,"[COV]AGNIMAQ ||| I[MU ||| COI]LUG[UNI]","goide","ogham","Macalister, R. A. S.","1945"
65000739,"COVAGN[I]MAQ ||| [IMU] ||| C[OI]LUG[U]N[I]","goide","ogham","McManus, D","1991"
65000740,"CONNIMAQ ||| IMU ||| COILUGUNI","goide","ogham","Mac Neill, J.","1907"
65000741,"COVAGNIMAQ[I] | [MUC]O[I] LUGUNI","goide","ogham","Gippert, J.","1978"
65000742,"NETACARINETACAGI","name","ogham","Macalister, R.A.S.","1945"
65000743,"[NE]TACARIN[E]TACA[M]I

","name","ogham","Gippert/Web","1988"
65000744,"NETACARINETACAG[I/NI]","name","ogham","Macalister, R.A.S.","1897"
65000746,"ANMMAGANNMAQINUADAT","goide","ogham","Macalister, R.A.S.","1945"
65000747,"ANMMAGANNMAQI[N]DA[D!]","goide","ogham","McManus, D.,","1991"
65000748,"[COLAB]OTMAQIMAQIRI ||| [T]E | [MAQIMU]COICORIBIRI","goide","ogham","Macalister, R.A.S.","1945"
65000749,"--]OTMAQIMAQIRI ||| TE[-- | ]COICORIBIRI","goide","ogham","McManus, D.","1991"
65000750,"--]OTMAQIMAQIRI ||| T[E] | COICORIBI[I]","goide","ogham","Gippert, J.,","1997"
65000751,"ANMCRUNANMAQLUQIN","goide","ogham","Macalister, R.A.S.","1945"
65000752,"ANMLLATIGNIMAQM[I]N[E]RCM[UCOI] ||| Q[--]CI","goide","ogham","Macalister, R.A.S.","1945"
65000753,"ANML[L]AT[IG....]QM[...][R]C | [--]","goide","ogham","OSullivan, A.","1996"
65000754,"S[M][--]BNAGMA[Q]Q ||| I ||| ERCIA","goide","ogham","Macalister, R.A.S.","1945"
65000755,"--][E!]TORIGAS","name","ogham","Macalister, R.A.S.","1945"
65000756,"TIDONN[A]MAQDOMNGINN","goide","ogham","Macalister, R.A.S.","1945"
65000757,"[TI]DONNAMAQDOMNG[.]NN","goide","ogham","OSullivan, A.","1996"
65000758,"IA[Q]INIKOI ||| MAQIMUC[--","goide","ogham","Macalister, R.A.S.","1945"
65000759,"IA[Q]INIKOI[--","goide","ogham","Gippert, J.","1988"
65000760,"IAQINIKOIMAQIMOB/U[COI]
","goide","ogham","Macalister, R.A.S.","1897"
65000761,"DOCRANORI","name","ogham","Macalister, R.A.S.","1945"
65000762,"NETTAVRECC ||| [KOI]MAQIMUCCOITRENALUGGO","goide","ogham","Macalister, R.A.S.","1945"
65000763,"NETTAVROICC||| [KOI]MAQIMUCCOITRENALUGGO","goide","ogham","McManus, D.","1991"
65000764,"MOESAC","goide","ogham","McManus, D.","1991"
65000765,"MOESAC","goide","ogham","McManus, D.","1991"
65000766,"MOUNIN","goide","ogham","McManus, D.","1991"
65000767,"[A]DARUNM[A]CICOLAL[I]","goide","ogham","McManus, D.","1991"
65000768,"--][OVIMAQI][--","goide","ogham","Macalister, R.A.S.","1945"
65000769,"[M][R][B][G][S][G][S]","goide","ogham","Rhys, J.","1897"
65000770,"DINEGLO | MAQIQETAIS","goide","ogham","Macalister, R.A.S.","1945"
65000771,"CATVVIRRMAQILUGUVVEC","goide","ogham","Macalister, R.A.S.","1945"
65000772,"CATVVIRRMAQILUGUVVEC","goide","ogham","Macalister, R.A.S.","1945"
65000773,"CATVVIRRMAQILUGUVVE[.]","goide","ogham","OSullivan, A.","1996"
65000774,"COLLABOTMUCOILUGA |  MAQILOBACCONA","goide","ogham","Macalister, R.A.S.","1945"
65000775,"MEDUSIMACILU | MUCOILUGA","goide","ogham","Macalister, R.A.S.","1945"
65000776,"CATTUVIR
","name","ogham","Macalister, R.A.S.","1945"
65000777,"MO{GW}UNILOCIDMAQIALOTTO","goide","ogham","Macalister, R.A.S.","1945"
65000778,"MANUMAGUNOGATIMOC ||| OI ||| MACORBO","goide","ogham","Macalister, R.A.S.","1945"
65000779,"DEAGO ||| SMA ||| QIMUCO[I][--]NAI","goide","ogham","Macalister, R.A.S.","1945"
65000780,"SOVALINI","name","ogham","Macalister, R.A.S.","1945"
65000781,"CALUNOVIC ||| [A]MAQ ||| IMUCOILIT[ENI]","goide","ogham","Macalister, R.A.S.","1945"
65000782,"MAQIINI[--] ||| [MAQI ||| QE]TTEAS","goide","ogham","Macalister, R.A.S.","1945"
65000783,"CUNALEGEAMAQIC ||| [--]SALARCELIAVI ||| QVECI","goide","ogham","Macalister, R.A.S.","1945"
65000784,"BIGUMAQI ||| LAG[--","goide","ogham","Macalister, R.A.S.","1945"
65000785,"BIRMAQIMUCOI ||| R ||| OTTAIS","goide","ogham","Macalister, R.A.S.","1945"
65000786,"--]MAQINE ||| [TACUN] ||| AS","goide","ogham","Macalister, R.A.S.","1945"
65000787,"DENAVEC ||| [AMU]COIMEDALO","goide","ogham","Macalister, R.A.S.","1945"
65000788,"BRO[INION]AS","name","ogham","Macalister, R.A.S.","1945"
65000789,"C[UNA][.][ATO][--


","name","ogham","Gippert, J.","1996"
65000790,"CUNOVATO","name","ogham","Macalister, R.A.S.","1945"
65000791,"BROCAGNIMAQIMU","goide","ogham","Macalister, R.A.S.","1945"
65000792,"BRAN[I]TTASM[A]QIDUCR[I]DDA","goide","ogham","Macalister, R.A.S.","1945"
65000793,"BR[A]N[I]TT[A]SM[A]Q[I]D[U]C[RI]DDA
","goide","ogham","McManus, D.","1991"
65000794,"NAVALLOAVVIGENITTAC[--","goide","ogham","Macalister, R.A.S.","1945"
65000795,"NAVVALL[O]AVVIGENITTAC[--","goide","ogham","McManus/1991","1991"
65000796,"OVOMAN[I]","inc","ogham","Macalister, R.A.S.","1945"
65000797,"BRUSCOSMAQQICAL[I]AC[I]","goide","ogham","McManus, D.","1991"
65000798,"BRUSCCOSMAQQICALI ||| ACI[AS]M[AQQIMUCOI][--","goide","ogham","Macalister, R.AS.","1945"
65000800,"DRUGNOMAQIMU ||| COI[--]NAMI","goide","ogham","Macalister, R.A.S.","1945"
65000801,"DRU[G][--","goide","ogham","Gippert/Web","1978"
65000802,"MAQIDECCEDDASAVITURANIAS","goide","ogham","Macalister, R.A.S.","1945"
65000803,"ANMVEDLLOIGOIMACI ||| SE ||| DDOINI","goide","oghms","Macalister, R.A.S.","1945"
65000804,"--]AVIDAIMAGNI","goide","ogham","Macalister, R.A.S.","1945"
65000805,"GOSOCTASMUCOIMACORBO","goide","ogham","Macalister, R.A.S.","1945"
65000806,"MELAGIA","name","ogham","Macalister, R.A.S.","1945"
65000807,"C[A]SSITT[A]SMAQ ||| IMUC ||| OICALLITI","goide","ogham","Macalister, R.A.S.","1945"
65000808,"[CA]SSI[O]TTASM[AQ] ||| IM[UC ||| O]ICALLITI","goide","ogham","Gippert, J.","1987"
65000809,"BRANADDOVMAMAQIQOLIMUCOIDOVI[--","goide","ogham","McManus, D.","1991"
65000810,"BRANADDOVMAMAQIQOLIMUCOIDOVI[V!--","goide","ogham","OSullivan, A.","1996"
65000811,"LI[T]UBIRIMAQI || [.]E[.]IA","goide","ogham","Macalister, R.A.S.","1945"
65000812,"LACAVAGNI[--","name","ogham","Macalister, R.A.S.","1945"
65000813,"VAITEVIA","name","ogham","Macalister, R.A.S.","1945"
65000814,"COLOMAGN[A!][.]V[.]DUC[A!][R.]","goide","ogham","Macalister, R.A.S.","1945"
65000815,"COLOMAGN[..]V[.]D[--]","goide","ogham","McManus, D.","1991"
65000816,"B[RU]SC[.]M[.]QIDOVALESCI","goide","ogham","Macalister, R.A.S.","1945"
65000817,"BR[.]SC[--]DOVALESC[.]","goide","ogham","McManus, D.","1991"
65000818,"LODIM[O]NI","name","ogham","Macalister, R.A.S.","1945"
65000819,"L[A!]D[E!][..]NI","name","ogham","Gippert, J.","1978"
65000820,"LADIMANI","name","ogham","O'Kelly, M.J.","1945"
65000821,"LMCBDV","ind","oghms","Macalister, R.A.S.","1945"
65000822,"LBMCBDV","ind","oghms","Beití O Tuama","1986"
65000824,"CUNAGUSSOS{U}MA[..] | [--Q--","goide","ogham","Macalister, R.A.S.","1945"
65000825,"CUNAGUSSOSMA[-- | --]","goide","ogham","McManus, D.","1991"
65000826,"GANICCA","name","ogham","Macalister, R.A.S.","1945"
65000827,"GANICCA","name","ogham","Cuppage, J.","1986"
65000828,"GANIC[CA]","name","ogham","McManus, D.","1991"
65000830,"MAQQIDECEDDA | MAQQICATUV[!U][Q--]","goide","ogham","Macalister, R.A.S.","1945"
65000831,"MAQQIDECEDDA | MAQQICATUV[--","goide","ogham","Cuppage, J.","1986"
65000832,"[CARI]","name","ogham","Macalister, R.A.S.","1945"
65000834,"MAQIERAC[I]AS ||| [MA]QI | DIMAQ[A]MUC[OI][--","goide","ogham","Macalister, R.A.S.","1945"
65000835,"[MAQI]ERAC[IAS] ||| [MAQI] | D[I]M[A]Q[A]MUC[O--","goide","ogham","McManus, D.","1991"
65000836,"[I]ERAC[I][A]S[-- |||D[--]M[A][Q][A][M][U][C]O[--



","goide","ogham","Gippert, J.","1997"
65000837,"MAQIERCACIASMAQI[--]DIMAQAMUCOI","goide","ogham","Macalister/1897","1897"
65000838,"--DI]MAQIMUCOI | IVODACCA","goide","ogham","Macalister, R.A.S.","1938"
65000839,"T[R]EN[UMA]QIMUCOIQRITTI","goide","ogham","Macalister, R.A.S.","1945"
65000840,"T[R]EN[OMA]QIMUCOIQRITTI","goide","ogham","MacNeil, E.","1909"
65000841,"CATTUBUTTASMA[Q--","goide","ogham","Macalister, R.A.S.","1945"
65000842,"LON[.]MI | [.]V[.]BARI","goide","ogham","Macalister, R. A. S.","1937"
65000843,"LONAMNI | AVIBARI","goide","ogham","Ziegler, S.","1994"
65000845,"NOARRAMAQIVORUDRAN","goide","ogham","Macalister, R.A.S.","1945"
65000846,"DUMELIMAQIGL ||| ASIC ||| ONAS | NIOTTACOBRAN ||| OR[--","goide","ogham","Macalister, R.A.S.","1945"
65000847,"DUMELIMAQIGL ||| ASIC ||| ONAS | NIOTTACOBRAN ||| [O]R[--","goide","ogham","McManus, D.","1991"
65000848,"SEDAN[IMAQQI ||| CAT]TABBOT ||| TAVVIDERCMASOC","goide","ogham","Macalister, R.A.S.","1945"
65000849,"SEDAN[--] ||| [D!]ABBOT ||| TAVVIDE[RCMASOC","goide","ogham","Gippert, J.","1997"
65000850,"SEDAN[--]TABBOTTAVVIDERCMASOC","goide","ogham","McManus/1991","1991"
65000852,"--]ORIBRASSIA","name","ogham","Macalister, R.A.S.","1945"
65000853,"[..]BB[.]AVIVLATIAMIMAQ[--","goide","ogham","Macalister, R.A.S.","1945"
65000854,"CUNALEGIAVIQUNACANOS","goide","ogham","Macalister/1945","1945"
65000855," CUNALEGIA[V]QUNACANOS","goide","ogham","Gippert/1997","1978"
65000856,"OR || AIT | ARA || NMAIN | SCA || DLAN","inc","oghms","Macalister/1949","1949"
65000857,"ANMCASONI[MAQ]IRODAGNI","goide","ogham","Macalister, R.A.S.","1945"
65000858,"EQODDI","name","ogham","Macalister, R.A.S.","1945"
65000859,"EQODD","name","ogham","Cuppage, J.","1986"
65000860,"LUGADDONMAQ ||| IL ||| UGUDEC","goide","ogham","Macalister/1945","1945"
65000861," LUGADDON[MAQI]LUGUDEC


","goide","ogham","Gippert/1997","1997"
65000862," DDISI M[O]CQUSE[L]","goide","ogham","Gippert/Web","1987"
65000863,"LUGUDUCMAQIMAQIOC ||| [--]CI[--","goide","ogham","Macalister, R.A.S.","1945"
65000864,"MARIANI","name","ogham","Macalister, R.A.S.","1945"
65000865,"SAGWTILLOTETIAVISRUSA","goide","ogham","Macalister, R.A.S.","1945"
65000866,"ACURCITIVEVODDIUNGWAC","goide","ogham","McManus, D.","1986"
65000867,"BIVODON | MUCOIATAR","goide","ogham","Macalister, R.A.S.","1945"
65000868,"BIVODON | MUCOI[ATA]R","goide","ogham","McManus, D.","1991"
65000869,"B[...]AGNIMAQIADDILONA","goide","ogham","Macalister, R.A.S.","1945"
65000870,"B[...]AGN[.][MAQ]IADD[I]L[O]NA","goide","ogham","McManus, D.","1991"
65000871,"NAG[.]N[.]MUCOBAIDANI","goide","ogham","Macalister, R.A.S.","1945"
65000872,"N[A]G[U]N[I]M[UC/QO]B[AI]D[A]N[--]","goide","ogham","McManus, D.","1991"
65000873,"NIR[...]MN[I]DAGNIESSICONIDDALA | AMITBAIDAGNI","goide","ogham","Macalister, R.A.S.","1945"
65000874,"AMITBAIDAGNI | NIR[...]MNIDAGNIESSICONIDDALA","goide","ogham","McManus, D.","1991"
65000875,"LUGUQRIT ||| [--] ||| [--]LONAS","goide","ogham","Macalister, R.A.S.","1945"
65000876,"CEDATTOQAMAQI | TELEDMEVVI","goide","ogham","Macalister, R.A.S.","1945"
65000877,"[C]EDATTOQ[A]MAQI | TELEDMEVVI","goide","ogham","Gippert, J.","1981"
65000878,"--]GGOMAQIAGILL[--","goide","ogham","Macalister, R.A.S.","1945"
65000879,"DUBE[B] | --][Q/N][--","ind","ogham","Macalister, R.A.S.","1945"
65000880,"RITTUVVECCMAQ ||| [I]V ||| EDDONOS","goide","ogham","Macalister, R.A.S.","1945"
65000881,"RTTTAVVECCMAQIVEDDONOS","goide","ogham","McManus, D.","1991"
65000882,"--]L[-- | --]M[--","ind","ogham","Macalister, R.A.S.","1945"
65000883,"--]URG[--","ind","ogham","Macalister, R.A.S.","1945"
65000884,"ANNVEN ||| ITE ||| GG[--","goide","ogham","Macalister, R.A.S.","1910"
65000885,"LUGUQQRITTAS","name","ogham","O'Sullivan, A.","1996"
65000886,"DUGONNGGUQS","name","ogham","Windele, J.","1850"
65000887,"--]HATA[--","ind","ogham","Brash, R.R.","1869"
65000888,"ANM M{O}L{E}G{O}MRIDMACIV{E}CUM{E}N","goide","ogham","Macalister, R.A.S.","1945"
65000889,"[CU]NAMAQILUGUDECAMU ||| C[OI] ||| CUNEA","goide","ogham","Macalister, R.A.S.","1945"
65000890,"NISIGNIMAQIER[-- ||| --]I","goide","ogham","Macalister, R.A.S.","1945"
65000891,"NISIGNIMAQER[-- ||| --]I","goide","ogham","McManus, D.","1991"
65000892,"DEBRAN ||| IMAQI ELTI | AVIOGATOS","goide","ogham","Macalister, R.A.S.","1945"
65000893,"--]VAGNIMUCOICUNIA","goide","ogham","Macalister, R.A.S.","1945"
65000894,"MAQIE[.][--","goide","ogham","Macalister, R.A.S.","1945"
65000895,"--]UMAQICUMOGODUUMUCO[--","goide","ogham","Raftery, B.","1969"
65000896,"MAQIR[O!][--][A!]","goide","ogham","Macalister, R.A.S.","1918"
65000897,"DOVATTACAV[I][--]ILEH","goide","ogham","O'Sullivan, A.","1996"
65000898,"BENDACHT [-- | TOROQR[--","goide","oghms","Macalister, R.A.S.","1945"
65000899,"BEANDACHT [ ] | TOROQR[--","goide","oghms","Gippert, J.","1981"
65000900,"--]NN","ind","ogham","Macalister, R.A.S.","1945"
65000901,"--][U!][--","ind","ogham","Macalister, R.A.S.","1945"
65000902,"GALEOTOS","name","ogham","Macalister, R.A.S.","1945"
65000903,"--]MAQIRECTA","goide","ogham","Macalister, R.A.S.","1945"
65000906,"--]OTANIM[A]QILOSAGNI","goide","ogham","Macalister, R.A.S.","1945"
65000907,"--]OTANIM[A]QILOSAGN[.]","goide","ogham","O'Sullivan, A.","1996"
65000909,"ASSICONA","name","ogham","Macalister, R.A.S.","1945"
65000910,"UDDMENSACELI ||| NETTA ||| SLOGI","goide","ogham","Macalister, R.A.S.","1945"
65000911,"--]ER[.]T[.]M[.]C[..]NETAS[....]ONAS","inc","ogham","Macalister, R.A.S.","1945"
65000912,"--][RG][--][BAR]CEN[--","inc","ogham","Macalister, R.A.S.","1945"
65000913,"CORB","inc","ogham","Macalister, R.A.S.","1945"
65000914,"Q[.]CC[...]M[.]C[...]R[.]E[......]","inc","ogham","Macalister, R.A.S.","1945"
65000915,"--]CIRMAQIMUC[--","inc","ogham","Macalister, R.A.S.","1945"
65000916,"VORTIGURN","name","ogham","Macalister, R.A.S.","1945"
65000917,"VEDABARM ||| [.Q] ||| [--]LSM | MOCOIODR ||| [--]REA","inc","ogham","Macalister, R.A.S.","1945"
65000918,"--][E!]MOGwEDIAS ||| MAQ ||| IMUIBITI","inc","ogham","Macalister, R.A.S.","1907"
65000919,"MAQINI |||| LI","gaul","ogham","Macalister/1945","1945"
65000920,"LUGUDIMAQI[L-- ||| --]D[-- ||| --]QAMOCOIDONM[A]","inc","ogham","Macalister, R.A.S.","1945"
65000921,"SENAQMA[Q^C][-- ||| --][Q^C][--]NA","goide","ogham","Manning, C.","1989"
65000922,"B[--]Q[--]HAGA[--]DL","inc","ogham","Brash, R.R.","1879"
65000924,"[--]IMAQI ||| [--] ||| [--]C[--]","goide","ogham","Macalister, R.A.S.","1940"
65000925,"[M]I[C]ANAVVI MAQ L[U]G[U]N[.]","goide","ogham","Macalister, R.A.S.","1945"
65000926,"[..]CANAVVIMAQL[--]N[--","goide","ogham","McManus, D.","1991"
65000927,"VEQI{X}A[M^B]IMAQILUGUNI","goide","ogham","Macalister, R.A.S.","1945"
65000928,"GRIMIGGN[--]ICERC[.--","goide","ogham","Macalister, R.A.S.","1945"
65000929,"GR[I--]GN[--]CERC[--","goide","ogham","McManus, D.","1991"
65000930,"CULRIGAIMAQIMENUMAQ[--","goide","ogham","Macalister, R.A.S.","1945"
65000931,"BRANI MAQQIMU || CC || [--][R.L][--","goide","ogham","Macalister, R.A.S.","1945"
65000932,"COLLOS[--","name","ogham","Macalister, R.A.S.","1945"
65000933,"COLLI","name","ogham","McManus, D.","1991"
65000934,"QUTQ","inc","ogham","McCarthy, J. P.","1980"
65000935,"NUVN","inc","ogham","McCarthy, J. P.","1980"
65000936,"SEVERRIT |||[--] ||| TTAIS","goide","ogham","Macalister/1945","1945"
65000937,"DOVATUCI[A]V ||| I ||| TULOTANAGIA","goide","ogham","Macalister/1945","1945"
65000938,"LOBB[.]X[..]MAQQIMUC || [..][R] || [.]N[.]","goide","ogham","Macalister/1945","1945"
65000939,"--]QNETN[O!][--","ind","ogham","Macalister","1945"
65000940,"--]QNETN[A!][--","ind","ogham","O'Sullivan, Sheehan","1996"
65000941,"ANMGATT{X}GLAN","inc","ogham","Macalister, R. A. S.","1945"
65000942,"ANM[--]GLAN","inc","ogham","O'Sullivan, Sheehan","1996"
65000943,"COLMANMACICOMGANN","inc","ogham","O Donnabháin, B.","1981"
65000944,"CROCCANMAQIDOMONIGART","goide","ogham","O Donnabháin, B.","1981"
65000945,"OTTINNMAQIVEC[R--","goide","ogham","Macalister, R.A.S.","1945"
65000946,"GOSSUCTTIAS","name","ogham","Macalister, R.A.S.","1902"
65000947,"GOSSUCTTIAS","name","ogham","McManus, D.","1991"
65000948,"GOSSUCTTIAS","name","ogham","Cuppage, J.","1986"
65000949,"GAMICUNAS","name","ogham","Macalister, R.A.S.","1945"
65000950,"GAMICUNAS","name","ogham","McManus, D.","1991"
65000951,"GAMICUNAS","name","ogham","Cuppage, J.","1986"
65000952,"--][!O]NEGGN[I]","name","ogham","Macalister, R.A.S.","1945"
65000953,"AMNCOLOL ||| {Th}MANALITI ||| R","goide","oghms","Macalister, R.A.S.","1945"
65000954,"[MADOR]AMAQIDEGO","goide","ogham","Macalister, R.A.S.","1945"
65000955,"MAQIBRI[-- | --]CELIALACA[--","goide","ogham","Macalister","1945"
65000956,"IVAGENIMAQI | LAISCEMITA","goide","ogham","Macalister, R.A.S.","1945"
65000957,"--][M][--][M][--","goide","ogham","Macalister, R.A.S.","1945"
65000958,"TENRENMONOIGDUQDEGGEV","goide","ogham","Macalister, R.A.S.","1945"
65000959,"DALAGNIMAQIDALI","goide","ogham","Macalister, R.A.S.","1945"
65000960,"BROINIENAS{K}OINETATTRENALUGOS","goide","ogham","Macalister, R.A.S.","1945"
65000961,"VERGOSOMACILLOMINACCA","goide","ogham","Macalister, R.A.S.","1945"
65000962,"QENILOCGNIMAQID[--","goide","ogham","Macalister, R.A.S.","1945"
65000963,"[MI]NNACCANNIMAQIAILLUATTAN","goide","ogham","Macalister, R.A.S.","1945"
65000964,"--][..][--","ind","ogham","Macalister, R.A.S.","1945"
65000965,"--]MAQI[--","goide","ogham","McManus, D","1991"
65000966,"--]MAQI[--","goide","ogham","McManus, D","1991"
65000967,"--]MAQI[--","goide","ogham","McManus, D","1991"
65000968,"CUNNETASMAQ ||| IGUC[.] ||| [.]NETASEGAMONAS","goide","ogham","Macalister, R.A.S.","1945"
65000969,"MAQICAIRATINI | AVIINEQAGLAS","goide","ogham","Macalister, R. A. S.","1945"
65000970,"[--][MAQI MUCOI][--]","goide","ogham","Macalister, R. A. S.","1945"
65000971,"BRRUANANN","name","ogham","Macalister, R.A.S.","1945"
65000972,"--]GGUUSS[--","name","ogham","Macalister, R.A.S.","1945"
65000973,"GGVVSS","ind","ogham","Lady Chatterton","1838"
65000974,"S[--]B[--]N[--]GL[-]T[--]DM[--","inc","ogham","Macalister/1945","1945"
65000975,"NETACUNASMAQILOBAC[....]","goide","ogham","Macalister, R.A.S.","1945"
65000976,"ANMVINNAGITL{E}T[--","goide","ogham","Macalister, R.A.S.","1945"
65000977,"LOGAMAQISDANBI","goide","ogham","Macalister, R.A.S.","1945"
65000978,"OSBBAR","name","ogham","Macalister, R.A.S.","1945"
65000979,"[.]NMSILLANNMAQFATTILLOGG","goide","ogham","Fanning, T.","1977"
65000980,"--]CLHQOC[--","ind","ogham","Rynne, E.","1996"
65000981,"QREGASMU[--","goide","ogham","Macalister/1945","1945"
65000982,"MAQIRITTEMAQICOLABOT | [M][.][Q][.][M][.][C][.][[Q][.][R][..]","goide","ogham","Macalister, R.A.S.","1945"
65000983,"COILLABBOTASMAQICORBBI | MAQIMOCOIQERAI","goide","ogham","Macalister, R.A.S.","1945"
65000984,"VGwGOLAM","ind","ogham","Macalister, R.A.S.","1945"
65000985,"CORBAGNI ||| MAQI ||| BIVITI","goide","ogham","Macalister, R.A.S.","1945"
65000986,"CORBAGNMAQIMUCOIC[--","goide","ogham","Barry, E.","1895"
65000988,"ANAVLAMATTIASMUCO ||| I[--] ||| OELURIAVIA{K}ERAS","goide","ogham","Macalister, R.A.S.","1945"
65000989,"MAQIERCIAS | MAQIVALAMNI","goide","ogham","Macalister, R.A.S.","1945"
65000990,"VEDACU[NA] | [..QI]TOBIRAMUCOISOG ||| INI","goide","ogham","Macalister, R.A.S.","1945"
65000991,"ELUNAMU[C--","goide","ogham","Macalister, R.A.S.","1945"
65000992,"--]LENAMU[--","goide","ogham","Gippert, J.","1981"
65000993,"--]M[--","ind","ogham","Macalister, R.A.S.","1945"
65000994,"S[IDA]N[I]M[A]Q[ID] ||| ALO","goide","ogham","Macalister, R.A.S.","1945"
65000995,"S[.]D[.]N[.]M[.]Q[.]D ||| ALA","goide","ogham","Cuppage, J.","1986"
65000996,"LLONNOCCMAQQ[--","goide","ogham","Macalister, R.A.S.","1945"
65000997,"LLONNOCCMAQQ[--","goide","ogham","Cuppage, J.","1986"
65000998,"SONNOCCMAQQ[--","goide","ogham","Cuppage, J.","1986"
65000999,"COMMA[GGA]AGNIM[-- | --]ISAMMNN[--","goide","ogham","Macalister, R.A.S.","1949"
65001000,"COMMAGGAGNIM[!U][-- | --]ISA[MM^G]NN","goide","ogham","McManus, D.","1991"
65001001,"COMMAGGAGNIM[!U][-- | --]ISA[MM^G]NN","goide","ogham","McManus, D.","1991"
65001002,"L[I]SS[E^I][GV]O[G]","ind","ogham","McManus, D.","1991"
65001003,"OLSSI[G]VUG","ind","ogham","Moore, F.","1991"
65001005,"CURCIMAQIMUCOIV[!O][--","goide","ogham","Macalister, R.A.S.","1945"
65001006,"ERCAVICCASMAQICO[--","goide","ogham","Macalister, R.A.S.","1945"
65001007,"ERCAVICCASMAQICO[--","goide","ogham","McManus, D.","1991"
65001008,"ALATTOSMAQIBR[--","goide","ogham","Macalister/1945","1945"
65001009,"ERCAGNIMA[QI]E ||| [R]CIAS","goide","ogham","Macalister, R.A.S.","1945"
65001010,"ERCAGNIMA[Q^C][I--","goide","ogham","McManus","1991"
65001011,"MAQICUNALIG[--] ||| MAQICOILLI ||| MUCOICOSCIS/N","goide","ogham","McManus/1991","1991"
65001012,"[AMN]TENASMACIV[--","goide","ogham","Macalister, R.A.S.","1945"
65001013,"MOCU[RR]UTI | MAQIVLISACES{*}CMIR","goide","ogham","Macalister, R.A.S.","1945"
65001014,"MOCU[RR-- | --I]VLISAC[E]S[U]CMIR","goide","ogham","O'Sullivan & Sheehan","1996"
65001015,"VEDDELLEMETTOMU ||| CI ||| LOGIDDEAS ||| AVVIMUNICCONA","goide","ogham","McManus/1991","1991"
65001016,"CI[--]LAMAQ[.]I[--]BAGNI","goide","ogham","Macalister, R.A.S.","1945"
65001017,"AMNVURUDDRANNMAQ ||| [I]DO ||| LIG ENN","goide","ogham","Macalister, R.A.S.","1945"
65001018,"AMNT{X}GANNMACDEGLA ||| N ||| N","goide","ogham","Macalister, R.A.S.","1945"
65001019,"MAQILAS{P}OG | B TTMACDE","mixed","ogham","Macalister, R.A.S.","1945"
65001020,"MUCOIMUCC[I]","goide","ogham","Macalister/1945","1945"
65001021,"MUCOIMUCC[I]","goide","ogham","Gippert/Web","1997"
65001022,"NETTACU[--","name","ogham","Macalister, R.A.S.","1945"
65001023,"DOMO{K}I","name","ogham","Macalister, R.A.S.","1945"
65001024,"BAEDAN","name","ogham","Macalister, R.A.S.","1949"
65001025,"BASI{GW}B[--","goide","ogham","MacWhite, E.","1945"
65001026,"[C][A][S][E][N][I]MAQV

","goide","ogham","Gippert/1997","1997"
65001027,"ALATTOCELIBATTIG ||| NI","goide","ogham","Macalister, R.A.S.","1945"
65001028,"ALATTOCELIBATTIGQI","goide","ogham","McManus, D.","1991"
65001029,"GOSOCTEASMOSACMA{K}INI","goide","ogham","Macalister, R.A.S.","1945"
65001030,"GOSOCTEASMOSACMA[{K}EA]NI","goide","ogham","Gippert, J.","1987"
65001031,"NOCATIMAQIMAQIREC[--] | MAQIMUCOIUDDAMI","goide","ogham","Macalister, R.A.S.","1945"
65001032,"L[A]G[O]BB[-- | MUCOTUCACAC","goide","ogham","Macalister, R.A.S.","1945"
65001033,"MUCOTUCACAC","goide","ogham","Gippert, J.","1988"
65001034,"QAM[--]ROMACULLO","goide","ogham","Macalister, R.A.S.","1945"
65001035,"QAM[--]ROMCULLO","goide","ogham","Moore, F.","1981"
65001036,"MODDAGN[I]MAQIGATT |||AGN[I] ||| MUCOILUGUNI","goide","ogham","Macalister, R.A.S.","1945"
